Gads,Pasv_nos,Pasv_ATVK,Ter_ied_vien_nos,Ter_ied_vien_ATVK,Iedz_skaits,Iedz_skaits_0_6,Iedz_skaits_7_14,Iedz_skaits_15_18,Iedz_skaits_19_24,Iedz_skaits_25_49,Iedz_skaits_50_61,Iedz_skaits_62_74,Iedz_skaits_75_un_vec,Siev_skaits,Siev_skaits_0_6,Siev_skaits_7_14,Siev_skaits_15_18,Siev_skaits_19_24,Siev_skaits_25_49,Siev_skaits_50_61,Siev_skaits_62_74,Siev_skaits_75_un_vec,Vir_skaits,Vir_skaits_0_6,Vir_skaits_7_14,Vir_skaits_15_18,Vir_skaits_19_24,Vir_skaits_25_49,Vir_skaits_50_61,Vir_skaits_62_74,Vir_skaits_75_un_vec
2026,"RĪGA","001000","RĪGA","001000",659415,35440,53770,27940,43512,231202,100156,100758,66637,358228,17197,26126,13671,20971,115372,54499,62359,48033,301187,18243,27644,14269,22541,115830,45657,38399,18604
2026,"DAUGAVPILS","002000","DAUGAVPILS","002000",84609,4187,7520,3843,4504,25403,15006,14835,9311,46596,2067,3611,1846,2208,12596,8172,9237,6859,38013,2120,3909,1997,2296,12807,6834,5598,2452
2026,"JELGAVA","003000","JELGAVA","003000",59441,3815,5963,3059,3674,19838,9223,8456,5413,31253,1874,2869,1560,1843,9287,4792,5169,3859,28188,1941,3094,1499,1831,10551,4431,3287,1554
2026,"JŪRMALA","004000","JŪRMALA","004000",60329,2863,4763,2568,3504,19624,10710,10194,6103,32434,1424,2343,1248,1722,9870,5648,5961,4218,27895,1439,2420,1320,1782,9754,5062,4233,1885
2026,"LIEPĀJA","005000","LIEPĀJA","005000",71789,4387,6545,3380,4660,22873,11481,11105,7358,38887,2098,3134,1649,2306,11271,6142,6834,5453,32902,2289,3411,1731,2354,11602,5339,4271,1905
2026,"RĒZEKNE","006000","RĒZEKNE","006000",27742,1390,2397,1267,1637,8371,4740,5067,2873,15370,653,1186,614,785,4123,2658,3174,2177,12372,737,1211,653,852,4248,2082,1893,696
2026,"VENTSPILS","007000","VENTSPILS","007000",34909,1816,2925,1596,1985,10493,6086,6002,4006,18962,885,1433,802,984,5195,3212,3622,2829,15947,931,1492,794,1001,5298,2874,2380,1177
2026,"AIZKRAUKLES NOVADS","020000","AIZKRAUKLE","020200",6972,351,576,258,415,2098,1144,1351,779,3778,166,259,133,187,984,640,865,544,3194,185,317,125,228,1114,504,486,235
2026,"AIZKRAUKLES NOVADS","020000","JAUNJELGAVA","020210",1746,101,150,68,110,513,294,317,193,890,52,72,33,49,228,135,188,133,856,49,78,35,61,285,159,129,60
2026,"AIZKRAUKLES NOVADS","020000","KOKNESE","020220",2490,146,217,89,131,756,425,417,309,1339,74,98,46,68,353,222,255,223,1151,72,119,43,63,403,203,162,86
2026,"AIZKRAUKLES NOVADS","020000","PĻAVIŅAS","020230",2914,150,227,98,174,882,525,566,292,1508,73,102,51,80,378,278,339,207,1406,77,125,47,94,504,247,227,85
2026,"AIZKRAUKLES NOVADS","020000","AIVIEKSTES PAGASTS","020400",556,28,32,21,33,158,122,98,64,267,9,17,14,19,61,55,51,41,289,19,15,7,14,97,67,47,23
2026,"AIZKRAUKLES NOVADS","020000","AIZKRAUKLES PAGASTS","020410",934,50,71,36,64,297,171,161,84,474,28,36,19,33,129,79,91,59,460,22,35,17,31,168,92,70,25
2026,"AIZKRAUKLES NOVADS","020000","BEBRU PAGASTS","020420",1008,56,103,63,69,312,155,163,87,507,24,53,30,31,138,81,91,59,501,32,50,33,38,174,74,72,28
2026,"AIZKRAUKLES NOVADS","020000","DAUDZESES PAGASTS","020430",894,61,79,33,50,275,141,184,71,415,25,34,15,23,109,67,88,54,479,36,45,18,27,166,74,96,17
2026,"AIZKRAUKLES NOVADS","020000","IRŠU PAGASTS","020440",424,18,29,24,37,128,73,77,38,205,9,14,10,21,52,43,32,24,219,9,15,14,16,76,30,45,14
2026,"AIZKRAUKLES NOVADS","020000","JAUNJELGAVAS PAGASTS","020450",75,4,9,4,0,23,12,16,7,32,3,6,0,0,8,5,6,4,43,1,3,4,0,15,7,10,3
2026,"AIZKRAUKLES NOVADS","020000","KLINTAINES PAGASTS","020460",626,30,47,14,28,204,123,107,73,294,11,31,7,12,84,50,54,45,332,19,16,7,16,120,73,53,28
2026,"AIZKRAUKLES NOVADS","020000","KOKNESES PAGASTS","020470",1034,70,109,37,63,313,190,161,91,514,36,55,21,29,131,91,83,68,520,34,54,16,34,182,99,78,23
2026,"AIZKRAUKLES NOVADS","020000","MAZZALVES PAGASTS","020480",907,41,45,28,36,279,192,194,92,436,21,22,16,15,107,98,92,65,471,20,23,12,21,172,94,102,27
2026,"AIZKRAUKLES NOVADS","020000","NERETAS PAGASTS","020490",1295,53,93,53,61,391,251,244,149,652,27,52,27,29,153,119,138,107,643,26,41,26,32,238,132,106,42
2026,"AIZKRAUKLES NOVADS","020000","PILSKALNES PAGASTS","020500",297,10,11,5,10,100,62,75,24,129,4,1,2,6,40,21,41,14,168,6,10,3,4,60,41,34,10
2026,"AIZKRAUKLES NOVADS","020000","SECES PAGASTS","020510",863,49,68,31,58,296,159,141,61,419,26,33,17,28,130,76,71,38,444,23,35,14,30,166,83,70,23
2026,"AIZKRAUKLES NOVADS","020000","SĒRENES PAGASTS","020520",776,48,71,35,41,238,159,137,47,369,20,23,21,23,112,72,63,35,407,28,48,14,18,126,87,74,12
2026,"AIZKRAUKLES NOVADS","020000","SKRĪVERU PAGASTS","020530",3342,184,318,163,167,998,572,563,377,1699,97,139,74,87,450,274,313,265,1643,87,179,89,80,548,298,250,112
2026,"AIZKRAUKLES NOVADS","020000","STABURAGA PAGASTS","020540",341,20,20,11,12,109,61,71,37,164,10,13,4,3,48,23,37,26,177,10,7,7,9,61,38,34,11
2026,"AIZKRAUKLES NOVADS","020000","SUNĀKSTES PAGASTS","020550",371,15,11,15,23,105,86,71,45,173,7,4,4,10,40,38,35,35,198,8,7,11,13,65,48,36,10
2026,"AIZKRAUKLES NOVADS","020000","VIETALVAS PAGASTS","020560",661,36,61,26,36,198,109,137,58,323,18,34,10,19,76,48,74,44,338,18,27,16,17,122,61,63,14
2026,"AIZKRAUKLES NOVADS","020000","ZALVES PAGASTS","020570",498,15,36,14,18,168,101,106,40,244,8,17,8,9,60,55,56,31,254,7,19,6,9,108,46,50,9
2026,"ALŪKSNES NOVADS","021000","ALŪKSNE","021200",6546,310,514,277,349,1972,1166,1177,781,3513,144,252,136,163,928,620,712,558,3033,166,262,141,186,1044,546,465,223
2026,"ALŪKSNES NOVADS","021000","ALSVIĶU PAGASTS","021400",1186,64,87,42,61,372,244,202,114,576,39,45,19,30,149,110,104,80,610,25,42,23,31,223,134,98,34
2026,"ALŪKSNES NOVADS","021000","ANNAS PAGASTS","021410",392,24,42,18,18,135,54,68,33,200,12,23,7,10,64,23,35,26,192,12,19,11,8,71,31,33,7
2026,"ALŪKSNES NOVADS","021000","ILZENES PAGASTS","021420",263,4,12,12,16,72,67,55,25,118,2,3,6,6,25,33,27,16,145,2,9,6,10,47,34,28,9
2026,"ALŪKSNES NOVADS","021000","JAUNALŪKSNES PAGASTS","021430",932,43,82,35,54,281,194,160,83,438,21,30,14,27,121,86,83,56,494,22,52,21,27,160,108,77,27
2026,"ALŪKSNES NOVADS","021000","JAUNANNAS PAGASTS","021440",421,22,37,16,13,133,92,69,39,221,14,12,7,9,62,46,39,32,200,8,25,9,4,71,46,30,7
2026,"ALŪKSNES NOVADS","021000","JAUNLAICENES PAGASTS","021450",389,24,34,18,26,119,88,54,26,194,13,16,10,10,52,44,28,21,195,11,18,8,16,67,44,26,5
2026,"ALŪKSNES NOVADS","021000","KALNCEMPJU PAGASTS","021460",162,10,12,6,7,43,37,31,16,87,4,6,5,5,18,18,17,14,75,6,6,1,2,25,19,14,2
2026,"ALŪKSNES NOVADS","021000","LIEPNAS PAGASTS","021470",904,24,41,28,175,348,126,93,69,325,10,18,9,42,94,62,42,48,579,14,23,19,133,254,64,51,21
2026,"ALŪKSNES NOVADS","021000","MALIENAS PAGASTS","021480",338,23,21,18,30,96,76,48,26,156,10,7,10,14,37,33,25,20,182,13,14,8,16,59,43,23,6
2026,"ALŪKSNES NOVADS","021000","MĀLUPES PAGASTS","021490",514,23,34,21,26,123,116,88,83,271,13,17,16,14,53,57,45,56,243,10,17,5,12,70,59,43,27
2026,"ALŪKSNES NOVADS","021000","MĀRKALNES PAGASTS","021500",304,20,19,12,19,105,53,50,26,136,8,7,6,11,37,17,30,20,168,12,12,6,8,68,36,20,6
2026,"ALŪKSNES NOVADS","021000","PEDEDZES PAGASTS","021510",510,12,34,28,32,158,109,83,54,240,8,16,15,14,60,54,35,38,270,4,18,13,18,98,55,48,16
2026,"ALŪKSNES NOVADS","021000","VECLAICENES PAGASTS","021520",305,7,19,9,8,107,66,66,23,154,5,8,6,2,45,37,32,19,151,2,11,3,6,62,29,34,4
2026,"ALŪKSNES NOVADS","021000","ZELTIŅU PAGASTS","021530",276,11,21,11,8,97,50,56,22,123,7,9,3,3,31,21,32,17,153,4,12,8,5,66,29,24,5
2026,"ALŪKSNES NOVADS","021000","ZIEMERA PAGASTS","021540",659,31,41,27,44,219,122,114,61,307,14,16,14,18,96,57,55,37,352,17,25,13,26,123,65,59,24
2026,"AUGŠDAUGAVAS NOVADS","022000","ILŪKSTE","022200",2137,81,177,76,112,614,404,409,264,1166,32,95,43,55,289,227,230,195,971,49,82,33,57,325,177,179,69
2026,"AUGŠDAUGAVAS NOVADS","022000","SUBATE","022210",501,10,33,19,24,145,98,114,58,251,7,16,9,11,61,44,64,39,250,3,17,10,13,84,54,50,19
2026,"AUGŠDAUGAVAS NOVADS","022000","AMBEĻU PAGASTS","022400",411,19,20,15,19,117,97,73,51,199,7,7,8,10,44,42,41,40,212,12,13,7,9,73,55,32,11
2026,"AUGŠDAUGAVAS NOVADS","022000","BEBRENES PAGASTS","022410",676,23,40,19,31,199,116,157,91,341,13,22,6,10,77,57,95,61,335,10,18,13,21,122,59,62,30
2026,"AUGŠDAUGAVAS NOVADS","022000","BIĶERNIEKU PAGASTS","022420",403,9,17,13,23,124,84,87,46,190,7,7,7,8,48,38,41,34,213,2,10,6,15,76,46,46,12
2026,"AUGŠDAUGAVAS NOVADS","022000","DEMENES PAGASTS","022430",1069,22,57,39,37,346,226,223,119,495,12,30,17,11,125,117,105,78,574,10,27,22,26,221,109,118,41
2026,"AUGŠDAUGAVAS NOVADS","022000","DUBNAS PAGASTS","022440",587,20,49,17,35,182,124,108,52,289,10,23,9,17,75,58,59,38,298,10,26,8,18,107,66,49,14
2026,"AUGŠDAUGAVAS NOVADS","022000","DVIETES PAGASTS","022450",438,15,33,8,18,121,82,102,59,208,8,18,5,5,44,34,50,44,230,7,15,3,13,77,48,52,15
2026,"AUGŠDAUGAVAS NOVADS","022000","EGLAINES PAGASTS","022460",600,13,25,20,29,186,139,118,70,298,7,10,11,13,75,73,61,48,302,6,15,9,16,111,66,57,22
2026,"AUGŠDAUGAVAS NOVADS","022000","KALKŪNES PAGASTS","022470",1813,47,83,56,89,652,358,353,175,883,26,34,26,39,287,162,187,122,930,21,49,30,50,365,196,166,53
2026,"AUGŠDAUGAVAS NOVADS","022000","KALUPES PAGASTS","022480",1064,36,49,27,55,311,234,241,111,488,14,20,13,26,114,104,117,80,576,22,29,14,29,197,130,124,31
2026,"AUGŠDAUGAVAS NOVADS","022000","LAUCESAS PAGASTS","022490",1116,30,50,27,57,378,236,236,102,518,15,22,16,20,157,103,119,66,598,15,28,11,37,221,133,117,36
2026,"AUGŠDAUGAVAS NOVADS","022000","LĪKSNAS PAGASTS","022500",962,36,51,25,46,297,186,213,108,447,21,18,11,19,113,85,105,75,515,15,33,14,27,184,101,108,33
2026,"AUGŠDAUGAVAS NOVADS","022000","MAĻINOVAS PAGASTS","022510",734,33,48,27,47,225,166,139,49,332,13,25,12,18,99,70,62,33,402,20,23,15,29,126,96,77,16
2026,"AUGŠDAUGAVAS NOVADS","022000","MEDUMU PAGASTS","022520",711,13,43,32,17,205,164,164,73,354,5,23,18,10,82,81,84,51,357,8,20,14,7,123,83,80,22
2026,"AUGŠDAUGAVAS NOVADS","022000","NAUJENES PAGASTS","022530",4272,180,294,127,219,1411,853,753,435,2200,90,139,66,102,643,426,436,298,2072,90,155,61,117,768,427,317,137
2026,"AUGŠDAUGAVAS NOVADS","022000","NĪCGALES PAGASTS","022540",527,10,38,19,21,163,96,132,48,264,7,20,8,9,72,39,73,36,263,3,18,11,12,91,57,59,12
2026,"AUGŠDAUGAVAS NOVADS","022000","PILSKALNES PAGASTS","022550",758,52,53,19,31,229,164,154,56,367,25,26,12,12,93,78,77,44,391,27,27,7,19,136,86,77,12
2026,"AUGŠDAUGAVAS NOVADS","022000","PRODES PAGASTS","022560",189,6,4,4,10,51,51,45,18,90,4,2,1,2,22,26,17,16,99,2,2,3,8,29,25,28,2
2026,"AUGŠDAUGAVAS NOVADS","022000","SALIENAS PAGASTS","022570",490,14,32,10,21,148,90,111,64,252,8,13,6,16,62,45,50,52,238,6,19,4,5,86,45,61,12
2026,"AUGŠDAUGAVAS NOVADS","022000","SKRUDALIENAS PAGASTS","022580",986,28,46,30,47,312,230,195,98,468,13,25,12,18,130,92,105,73,518,15,21,18,29,182,138,90,25
2026,"AUGŠDAUGAVAS NOVADS","022000","SVENTES PAGASTS","022590",857,25,37,33,47,255,198,155,107,431,12,15,18,25,106,96,82,77,426,13,22,15,22,149,102,73,30
2026,"AUGŠDAUGAVAS NOVADS","022000","ŠĒDERES PAGASTS","022600",737,27,42,19,34,237,145,159,74,356,17,24,6,16,87,71,90,45,381,10,18,13,18,150,74,69,29
2026,"AUGŠDAUGAVAS NOVADS","022000","TABORES PAGASTS","022610",668,12,27,20,34,221,161,137,56,320,8,15,10,16,88,70,72,41,348,4,12,10,18,133,91,65,15
2026,"AUGŠDAUGAVAS NOVADS","022000","VABOLES PAGASTS","022620",578,16,33,21,38,155,139,118,58,272,7,19,8,12,70,62,55,39,306,9,14,13,26,85,77,63,19
2026,"AUGŠDAUGAVAS NOVADS","022000","VECSALIENAS PAGASTS","022630",467,11,32,23,28,137,100,92,44,225,6,16,11,12,54,51,48,27,242,5,16,12,16,83,49,44,17
2026,"AUGŠDAUGAVAS NOVADS","022000","VIŠĶU PAGASTS","022640",1334,59,82,45,67,392,261,268,160,669,33,37,19,34,152,117,149,128,665,26,45,26,33,240,144,119,32
2026,"ĀDAŽU NOVADS","023000","ĀDAŽI","023200",7983,702,1231,504,461,2862,955,826,442,4221,338,597,258,229,1528,479,486,306,3762,364,634,246,232,1334,476,340,136
2026,"ĀDAŽU NOVADS","023000","ĀDAŽU PAGASTS","023401",5817,500,800,342,343,2015,909,597,311,2961,234,384,174,168,1018,460,309,214,2856,266,416,168,175,997,449,288,97
2026,"ĀDAŽU NOVADS","023000","CARNIKAVAS PAGASTS","023410",11312,743,1086,437,487,3912,1963,1671,1013,5591,359,514,189,220,1852,963,862,632,5721,384,572,248,267,2060,1000,809,381
2026,"BALVU NOVADS","024000","BALVI","024200",5830,290,478,222,341,1701,968,1168,662,3197,145,227,100,149,847,506,729,494,2633,145,251,122,192,854,462,439,168
2026,"BALVU NOVADS","024000","VIĻAKA","024210",1155,51,80,44,66,331,221,244,118,577,21,29,20,36,144,113,121,93,578,30,51,24,30,187,108,123,25
2026,"BALVU NOVADS","024000","BALTINAVAS PAGASTS","024400",861,42,47,31,55,256,188,157,85,410,12,22,15,21,103,89,84,64,451,30,25,16,34,153,99,73,21
2026,"BALVU NOVADS","024000","BALVU PAGASTS","024410",659,31,60,30,30,195,135,117,61,317,21,26,13,15,72,73,55,42,342,10,34,17,15,123,62,62,19
2026,"BALVU NOVADS","024000","BĒRZKALNES PAGASTS","024420",422,31,36,13,24,134,79,83,22,201,15,17,3,11,50,39,48,18,221,16,19,10,13,84,40,35,4
2026,"BALVU NOVADS","024000","BĒRZPILS PAGASTS","024430",599,26,30,24,27,164,149,100,79,291,10,11,15,8,69,67,51,60,308,16,19,9,19,95,82,49,19
2026,"BALVU NOVADS","024000","BRIEŽUCIEMA PAGASTS","024440",449,27,39,13,23,137,96,75,39,214,13,19,4,10,57,44,39,28,235,14,20,9,13,80,52,36,11
2026,"BALVU NOVADS","024000","KRIŠJĀŅU PAGASTS","024450",298,11,27,12,16,90,60,57,25,136,5,8,5,9,30,30,31,18,162,6,19,7,7,60,30,26,7
2026,"BALVU NOVADS","024000","KUBULU PAGASTS","024460",1107,46,90,38,63,324,218,217,111,527,21,40,16,29,137,97,113,74,580,25,50,22,34,187,121,104,37
2026,"BALVU NOVADS","024000","KUPRAVAS PAGASTS","024470",240,6,5,5,11,62,50,65,36,108,3,2,1,3,21,16,36,26,132,3,3,4,8,41,34,29,10
2026,"BALVU NOVADS","024000","LAZDUKALNA PAGASTS","024480",723,24,46,26,58,217,147,135,70,342,14,25,10,26,83,60,75,49,381,10,21,16,32,134,87,60,21
2026,"BALVU NOVADS","024000","LAZDULEJAS PAGASTS","024490",223,9,21,10,12,65,43,41,22,107,3,12,4,6,29,19,20,14,116,6,9,6,6,36,24,21,8
2026,"BALVU NOVADS","024000","MEDŅEVAS PAGASTS","024500",520,23,23,24,40,155,109,100,46,253,9,14,14,12,63,51,57,33,267,14,9,10,28,92,58,43,13
2026,"BALVU NOVADS","024000","RUGĀJU PAGASTS","024510",1104,57,84,60,56,335,216,205,91,550,35,45,24,30,151,99,103,63,554,22,39,36,26,184,117,102,28
2026,"BALVU NOVADS","024000","SUSĀJU PAGASTS","024520",443,20,26,14,28,120,102,84,49,216,11,18,7,21,42,38,41,38,227,9,8,7,7,78,64,43,11
2026,"BALVU NOVADS","024000","ŠĶILBĒNU PAGASTS","024530",833,53,59,30,64,238,207,110,72,408,25,31,13,32,98,95,57,57,425,28,28,17,32,140,112,53,15
2026,"BALVU NOVADS","024000","TILŽAS PAGASTS","024540",768,40,59,35,40,252,148,145,49,387,22,26,19,16,103,82,85,34,381,18,33,16,24,149,66,60,15
2026,"BALVU NOVADS","024000","VECTILŽAS PAGASTS","024550",356,16,32,17,21,112,80,50,28,166,10,10,10,9,41,41,24,21,190,6,22,7,12,71,39,26,7
2026,"BALVU NOVADS","024000","VECUMU PAGASTS","024560",353,11,22,9,21,110,76,78,26,158,2,12,4,9,44,30,37,20,195,9,10,5,12,66,46,41,6
2026,"BALVU NOVADS","024000","VĪKSNAS PAGASTS","024570",507,20,40,30,33,145,101,80,58,260,7,20,16,17,75,38,45,42,247,13,20,14,16,70,63,35,16
2026,"BALVU NOVADS","024000","ŽĪGURU PAGASTS","024580",501,15,30,17,29,152,93,121,44,259,5,19,8,14,66,46,69,32,242,10,11,9,15,86,47,52,12
2026,"BAUSKAS NOVADS","025000","BAUSKA","025200",9937,564,918,480,601,2951,1696,1674,1053,5391,277,442,233,297,1408,930,1031,773,4546,287,476,247,304,1543,766,643,280
2026,"BAUSKAS NOVADS","025000","IECAVA","025210",5528,351,500,274,326,1802,931,820,524,2946,169,264,134,162,881,480,488,368,2582,182,236,140,164,921,451,332,156
2026,"BAUSKAS NOVADS","025000","BĀRBELES PAGASTS","025400",712,38,47,35,46,243,120,116,67,357,21,23,16,23,104,64,57,49,355,17,24,19,23,139,56,59,18
2026,"BAUSKAS NOVADS","025000","BRUNAVAS PAGASTS","025410",1252,66,88,50,85,389,240,221,113,607,32,44,29,39,160,111,115,77,645,34,44,21,46,229,129,106,36
2026,"BAUSKAS NOVADS","025000","CERAUKSTES PAGASTS","025420",1325,67,122,61,95,424,235,225,96,629,35,49,25,41,178,116,113,72,696,32,73,36,54,246,119,112,24
2026,"BAUSKAS NOVADS","025000","CODES PAGASTS","025430",1473,107,115,60,81,456,242,281,131,722,52,48,29,37,213,115,139,89,751,55,67,31,44,243,127,142,42
2026,"BAUSKAS NOVADS","025000","DĀVIŅU PAGASTS","025440",603,26,52,27,42,175,141,89,51,313,17,25,14,21,82,73,49,32,290,9,27,13,21,93,68,40,19
2026,"BAUSKAS NOVADS","025000","GAILĪŠU PAGASTS","025450",1905,96,127,84,92,639,309,423,135,968,44,58,52,42,277,148,247,100,937,52,69,32,50,362,161,176,35
2026,"BAUSKAS NOVADS","025000","IECAVAS PAGASTS","025460",3018,203,289,143,203,1009,555,417,199,1420,103,129,77,88,422,248,223,130,1598,100,160,66,115,587,307,194,69
2026,"BAUSKAS NOVADS","025000","ĪSLĪCES PAGASTS","025470",2495,137,223,111,159,814,426,420,205,1246,71,109,48,66,366,214,239,133,1249,66,114,63,93,448,212,181,72
2026,"BAUSKAS NOVADS","025000","KURMENES PAGASTS","025480",490,25,30,15,31,151,85,104,49,249,13,18,8,11,68,40,53,38,241,12,12,7,20,83,45,51,11
2026,"BAUSKAS NOVADS","025000","MEŽOTNES PAGASTS","025490",1323,76,73,50,85,400,251,218,170,646,39,36,24,43,162,113,112,117,677,37,37,26,42,238,138,106,53
2026,"BAUSKAS NOVADS","025000","RUNDĀLES PAGASTS","025500",1739,123,159,70,94,548,301,285,159,873,57,70,40,38,243,163,158,104,866,66,89,30,56,305,138,127,55
2026,"BAUSKAS NOVADS","025000","SKAISTKALNES PAGASTS","025510",975,52,69,29,49,293,196,171,116,475,24,31,11,20,122,105,90,72,500,28,38,18,29,171,91,81,44
2026,"BAUSKAS NOVADS","025000","STELPES PAGASTS","025520",755,34,72,32,38,231,132,148,68,354,16,35,14,13,94,59,74,49,401,18,37,18,25,137,73,74,19
2026,"BAUSKAS NOVADS","025000","SVITENES PAGASTS","025530",675,25,46,21,42,202,125,127,87,334,10,27,8,24,79,53,74,59,341,15,19,13,18,123,72,53,28
2026,"BAUSKAS NOVADS","025000","VALLES PAGASTS","025540",853,43,69,31,59,266,156,155,74,425,19,43,10,29,109,69,90,56,428,24,26,21,30,157,87,65,18
2026,"BAUSKAS NOVADS","025000","VECSAULES PAGASTS","025550",1796,93,163,76,115,560,321,310,158,873,46,68,42,52,231,153,172,109,923,47,95,34,63,329,168,138,49
2026,"BAUSKAS NOVADS","025000","VECUMNIEKU PAGASTS","025560",3940,259,413,178,213,1283,637,604,353,2018,126,204,96,94,589,308,350,251,1922,133,209,82,119,694,329,254,102
2026,"BAUSKAS NOVADS","025000","VIESTURU PAGASTS","025570",829,47,82,41,38,275,141,135,70,389,23,34,14,17,113,61,74,53,440,24,48,27,21,162,80,61,17
2026,"CĒSU NOVADS","026000","CĒSIS","026200",15735,975,1623,690,819,5082,2489,2421,1636,8593,473,764,337,403,2518,1382,1506,1210,7142,502,859,353,416,2564,1107,915,426
2026,"CĒSU NOVADS","026000","LĪGATNE","026210",1079,73,94,30,38,359,163,186,136,561,42,42,11,14,161,82,110,99,518,31,52,19,24,198,81,76,37
2026,"CĒSU NOVADS","026000","AMATAS PAGASTS","026400",654,25,51,23,42,203,118,137,55,323,8,26,10,20,92,56,72,39,331,17,25,13,22,111,62,65,16
2026,"CĒSU NOVADS","026000","DRABEŠU PAGASTS","026410",2435,138,242,114,137,780,432,408,184,1198,69,126,58,75,345,201,206,118,1237,69,116,56,62,435,231,202,66
2026,"CĒSU NOVADS","026000","DZĒRBENES PAGASTS","026420",765,29,66,28,34,234,140,157,77,358,7,32,10,16,94,66,83,50,407,22,34,18,18,140,74,74,27
2026,"CĒSU NOVADS","026000","INEŠU PAGASTS","026430",556,18,38,24,32,182,133,93,36,270,9,18,17,12,81,62,45,26,286,9,20,7,20,101,71,48,10
2026,"CĒSU NOVADS","026000","JAUNPIEBALGAS PAGASTS","026440",1643,106,154,59,92,487,297,278,170,886,53,79,37,57,220,154,162,124,757,53,75,22,35,267,143,116,46
2026,"CĒSU NOVADS","026000","KAIVES PAGASTS","026450",279,10,17,7,16,97,44,63,25,126,6,9,2,8,37,18,30,16,153,4,8,5,8,60,26,33,9
2026,"CĒSU NOVADS","026000","LIEPAS PAGASTS","026460",2790,177,219,110,155,848,524,460,297,1449,80,97,50,72,389,285,257,219,1341,97,122,60,83,459,239,203,78
2026,"CĒSU NOVADS","026000","LĪGATNES PAGASTS","026470",2238,143,175,97,121,754,357,383,208,1112,76,80,41,56,328,174,210,147,1126,67,95,56,65,426,183,173,61
2026,"CĒSU NOVADS","026000","MĀRSNĒNU PAGASTS","026480",723,42,76,29,40,239,125,116,56,353,19,31,12,25,108,60,54,44,370,23,45,17,15,131,65,62,12
2026,"CĒSU NOVADS","026000","NĪTAURES PAGASTS","026490",711,39,57,33,39,236,138,117,52,349,21,26,19,18,106,63,62,34,362,18,31,14,21,130,75,55,18
2026,"CĒSU NOVADS","026000","PRIEKUĻU PAGASTS","026500",3929,239,352,149,221,1240,691,637,400,2036,119,182,75,95,573,353,361,278,1893,120,170,74,126,667,338,276,122
2026,"CĒSU NOVADS","026000","RAISKUMA PAGASTS","026510",1454,79,129,57,77,460,281,232,139,720,42,64,31,28,208,132,116,99,734,37,65,26,49,252,149,116,40
2026,"CĒSU NOVADS","026000","SKUJENES PAGASTS","026520",748,39,64,24,44,222,128,132,95,368,20,39,8,14,99,61,59,68,380,19,25,16,30,123,67,73,27
2026,"CĒSU NOVADS","026000","STALBES PAGASTS","026530",998,64,82,36,62,327,174,162,91,476,27,32,16,32,135,83,84,67,522,37,50,20,30,192,91,78,24
2026,"CĒSU NOVADS","026000","STRAUPES PAGASTS","026540",1312,92,123,45,66,406,230,213,137,636,44,52,20,33,181,109,104,93,676,48,71,25,33,225,121,109,44
2026,"CĒSU NOVADS","026000","TAURENES PAGASTS","026550",703,32,49,30,39,216,137,127,73,339,21,23,12,17,92,67,63,44,364,11,26,18,22,124,70,64,29
2026,"CĒSU NOVADS","026000","VAIVES PAGASTS","026560",1440,90,156,75,75,467,247,225,105,686,40,75,34,32,197,116,124,68,754,50,81,41,43,270,131,101,37
2026,"CĒSU NOVADS","026000","VECPIEBALGAS PAGASTS","026570",1199,50,86,43,55,357,223,243,142,589,25,45,22,21,157,107,114,98,610,25,41,21,34,200,116,129,44
2026,"CĒSU NOVADS","026000","VESELAVAS PAGASTS","026580",487,21,37,17,25,149,93,92,53,235,8,12,9,9,68,50,46,33,252,13,25,8,16,81,43,46,20
2026,"CĒSU NOVADS","026000","ZAUBES PAGASTS","026590",715,42,64,20,44,228,146,95,76,320,24,22,9,15,92,60,50,48,395,18,42,11,29,136,86,45,28
2026,"CĒSU NOVADS","026000","ZOSĒNU PAGASTS","026600",305,17,24,13,15,84,64,50,38,153,7,16,5,9,35,28,26,27,152,10,8,8,6,49,36,24,11
2026,"DIENVIDKURZEMES NOVADS","027000","AIZPUTE","027200",3873,199,299,165,215,1124,675,652,544,2072,107,144,85,104,496,355,411,370,1801,92,155,80,111,628,320,241,174
2026,"DIENVIDKURZEMES NOVADS","027000","DURBE","027210",492,28,42,16,21,148,102,75,60,251,9,22,8,9,66,58,38,41,241,19,20,8,12,82,44,37,19
2026,"DIENVIDKURZEMES NOVADS","027000","GROBIŅA","027220",3779,263,384,174,205,1223,570,541,419,2058,136,205,84,108,605,315,320,285,1721,127,179,90,97,618,255,221,134
2026,"DIENVIDKURZEMES NOVADS","027000","PĀVILOSTA","027230",841,31,46,19,34,260,175,160,116,430,19,18,9,15,115,75,91,88,411,12,28,10,19,145,100,69,28
2026,"DIENVIDKURZEMES NOVADS","027000","PRIEKULE","027240",1833,122,125,72,98,526,335,330,225,969,61,58,35,42,243,179,187,164,864,61,67,37,56,283,156,143,61
2026,"DIENVIDKURZEMES NOVADS","027000","AIZPUTES PAGASTS","027400",771,54,62,40,41,234,147,124,69,374,31,34,19,17,87,78,67,41,397,23,28,21,24,147,69,57,28
2026,"DIENVIDKURZEMES NOVADS","027000","BĀRTAS PAGASTS","027410",530,27,47,23,33,168,94,90,48,267,11,25,18,12,73,47,49,32,263,16,22,5,21,95,47,41,16
2026,"DIENVIDKURZEMES NOVADS","027000","BUNKAS PAGASTS","027420",751,37,63,45,51,206,126,140,83,367,14,30,24,21,89,60,73,56,384,23,33,21,30,117,66,67,27
2026,"DIENVIDKURZEMES NOVADS","027000","CĪRAVAS PAGASTS","027430",911,59,78,27,60,280,155,166,86,468,39,40,17,31,113,80,87,61,443,20,38,10,29,167,75,79,25
2026,"DIENVIDKURZEMES NOVADS","027000","DUNALKAS PAGASTS","027440",556,38,45,21,29,180,102,97,44,261,17,18,10,12,79,47,45,33,295,21,27,11,17,101,55,52,11
2026,"DIENVIDKURZEMES NOVADS","027000","DUNIKAS PAGASTS","027450",532,20,38,25,30,135,112,107,65,253,10,20,15,10,47,46,55,50,279,10,18,10,20,88,66,52,15
2026,"DIENVIDKURZEMES NOVADS","027000","DURBES PAGASTS","027460",370,22,25,13,12,113,72,67,46,178,11,10,4,7,50,38,29,29,192,11,15,9,5,63,34,38,17
2026,"DIENVIDKURZEMES NOVADS","027000","EMBŪTES PAGASTS","027470",280,14,12,7,10,81,64,61,31,127,8,3,2,5,27,29,28,25,153,6,9,5,5,54,35,33,6
2026,"DIENVIDKURZEMES NOVADS","027000","GAVIEZES PAGASTS","027480",693,48,73,36,38,208,120,110,60,327,21,35,19,14,89,53,58,38,366,27,38,17,24,119,67,52,22
2026,"DIENVIDKURZEMES NOVADS","027000","GRAMZDAS PAGASTS","027490",577,33,45,20,34,193,93,99,60,273,16,20,11,13,86,38,48,41,304,17,25,9,21,107,55,51,19
2026,"DIENVIDKURZEMES NOVADS","027000","GROBIŅAS PAGASTS","027500",2520,159,195,81,141,811,453,421,259,1227,73,91,35,64,336,215,230,183,1293,86,104,46,77,475,238,191,76
2026,"DIENVIDKURZEMES NOVADS","027000","KALĒTU PAGASTS","027510",517,22,40,17,30,179,81,99,49,257,9,20,10,13,78,40,55,32,260,13,20,7,17,101,41,44,17
2026,"DIENVIDKURZEMES NOVADS","027000","KALVENES PAGASTS","027520",571,29,57,27,43,157,108,114,36,273,12,28,10,20,65,51,57,30,298,17,29,17,23,92,57,57,6
2026,"DIENVIDKURZEMES NOVADS","027000","KAZDANGAS PAGASTS","027530",1049,68,76,43,62,297,148,205,150,510,34,39,17,29,120,75,102,94,539,34,37,26,33,177,73,103,56
2026,"DIENVIDKURZEMES NOVADS","027000","LAŽAS PAGASTS","027540",440,23,32,17,28,121,97,68,54,205,13,14,9,12,50,41,32,34,235,10,18,8,16,71,56,36,20
2026,"DIENVIDKURZEMES NOVADS","027000","MEDZES PAGASTS","027550",1466,78,131,57,87,470,287,226,130,692,34,63,25,43,202,129,115,81,774,44,68,32,44,268,158,111,49
2026,"DIENVIDKURZEMES NOVADS","027000","NĪCAS PAGASTS","027560",2439,101,181,96,136,744,512,413,256,1187,51,82,47,68,313,242,209,175,1252,50,99,49,68,431,270,204,81
2026,"DIENVIDKURZEMES NOVADS","027000","OTAŅĶU PAGASTS","027570",755,55,67,24,35,221,140,134,79,371,35,24,9,14,96,71,71,51,384,20,43,15,21,125,69,63,28
2026,"DIENVIDKURZEMES NOVADS","027000","PRIEKULES PAGASTS","027580",452,25,29,18,33,130,94,81,42,206,16,10,5,13,45,44,42,31,246,9,19,13,20,85,50,39,11
2026,"DIENVIDKURZEMES NOVADS","027000","RUCAVAS PAGASTS","027590",928,30,63,31,33,272,193,188,118,443,18,31,15,15,105,86,90,83,485,12,32,16,18,167,107,98,35
2026,"DIENVIDKURZEMES NOVADS","027000","SAKAS PAGASTS","027600",440,27,34,12,22,141,86,77,41,212,16,16,5,14,62,38,34,27,228,11,18,7,8,79,48,43,14
2026,"DIENVIDKURZEMES NOVADS","027000","TADAIĶU PAGASTS","027610",771,57,70,31,40,247,106,136,84,398,40,36,17,15,103,52,77,58,373,17,34,14,25,144,54,59,26
2026,"DIENVIDKURZEMES NOVADS","027000","VAIŅODES PAGASTS","027620",1862,96,177,88,118,542,342,288,211,957,37,87,47,53,246,154,172,161,905,59,90,41,65,296,188,116,50
2026,"DIENVIDKURZEMES NOVADS","027000","VECPILS PAGASTS","027630",389,16,20,12,20,117,83,72,49,185,9,10,2,11,40,41,37,35,204,7,10,10,9,77,42,35,14
2026,"DIENVIDKURZEMES NOVADS","027000","VĒRGALES PAGASTS","027640",1277,65,124,66,57,395,214,245,111,613,29,56,32,31,173,92,129,71,664,36,68,34,26,222,122,116,40
2026,"DIENVIDKURZEMES NOVADS","027000","VIRGAS PAGASTS","027650",716,43,81,32,41,225,117,102,75,340,23,41,16,18,84,50,53,55,376,20,40,16,23,141,67,49,20
2026,"DOBELES NOVADS","028000","AUCE","028200",2215,104,187,104,148,602,378,423,269,1171,54,82,56,66,286,206,249,172,1044,50,105,48,82,316,172,174,97
2026,"DOBELES NOVADS","028000","DOBELE","028210",8855,522,809,371,465,2729,1530,1514,915,4714,251,374,172,229,1279,838,933,638,4141,271,435,199,236,1450,692,581,277
2026,"DOBELES NOVADS","028000","ANNENIEKU PAGASTS","028400",819,46,70,26,58,262,132,158,67,386,21,35,14,26,109,55,85,41,433,25,35,12,32,153,77,73,26
2026,"DOBELES NOVADS","028000","AUGSTKALNES PAGASTS","028410",817,50,62,34,38,273,138,152,70,411,25,31,14,17,117,78,81,48,406,25,31,20,21,156,60,71,22
2026,"DOBELES NOVADS","028000","AURU PAGASTS","028420",2872,178,262,132,205,921,520,431,223,1453,87,151,66,94,397,259,249,150,1419,91,111,66,111,524,261,182,73
2026,"DOBELES NOVADS","028000","BĒNES PAGASTS","028430",1385,68,87,49,76,431,258,256,160,708,34,46,20,33,187,119,150,119,677,34,41,29,43,244,139,106,41
2026,"DOBELES NOVADS","028000","BĒRZES PAGASTS","028440",1580,78,114,74,85,488,308,269,164,785,31,52,33,40,210,154,145,120,795,47,62,41,45,278,154,124,44
2026,"DOBELES NOVADS","028000","BIKSTU PAGASTS","028450",741,37,66,27,43,243,124,142,59,364,22,30,17,21,98,62,77,37,377,15,36,10,22,145,62,65,22
2026,"DOBELES NOVADS","028000","BUKAIŠU PAGASTS","028460",529,26,46,17,24,181,83,91,61,260,16,19,6,12,73,37,51,46,269,10,27,11,12,108,46,40,15
2026,"DOBELES NOVADS","028000","DOBELES PAGASTS","028470",743,52,85,40,53,251,118,107,37,356,24,42,19,19,113,51,56,32,387,28,43,21,34,138,67,51,5
2026,"DOBELES NOVADS","028000","ĪLES PAGASTS","028480",359,21,31,19,14,111,62,58,43,189,12,21,11,8,48,31,31,27,170,9,10,8,6,63,31,27,16
2026,"DOBELES NOVADS","028000","JAUNBĒRZES PAGASTS","028490",829,53,77,27,55,271,121,143,82,430,26,40,8,24,129,61,84,58,399,27,37,19,31,142,60,59,24
2026,"DOBELES NOVADS","028000","KRIMŪNU PAGASTS","028500",1019,62,100,28,70,339,177,180,63,501,30,55,12,30,149,83,91,51,518,32,45,16,40,190,94,89,12
2026,"DOBELES NOVADS","028000","LIELAUCES PAGASTS","028510",374,13,26,12,23,124,67,68,41,182,8,12,4,8,53,27,41,29,192,5,14,8,15,71,40,27,12
2026,"DOBELES NOVADS","028000","NAUDĪTES PAGASTS","028520",666,55,57,32,24,216,113,105,64,335,30,26,17,11,97,58,55,41,331,25,31,15,13,119,55,50,23
2026,"DOBELES NOVADS","028000","PENKULES PAGASTS","028530",759,31,57,35,35,233,160,145,63,369,14,27,17,19,95,78,77,42,390,17,30,18,16,138,82,68,21
2026,"DOBELES NOVADS","028000","TĒRVETES PAGASTS","028540",1673,93,120,76,79,520,322,289,174,853,43,59,39,35,222,169,162,124,820,50,61,37,44,298,153,127,50
2026,"DOBELES NOVADS","028000","UKRU PAGASTS","028550",281,8,30,15,13,80,41,53,41,135,5,12,8,7,29,19,27,28,146,3,18,7,6,51,22,26,13
2026,"DOBELES NOVADS","028000","VECAUCES PAGASTS","028560",575,28,34,30,34,156,109,106,78,318,16,20,14,19,69,57,66,57,257,12,14,16,15,87,52,40,21
2026,"DOBELES NOVADS","028000","VĪTIŅU PAGASTS","028570",776,42,50,27,46,255,143,155,58,351,21,20,14,17,88,69,77,45,425,21,30,13,29,167,74,78,13
2026,"DOBELES NOVADS","028000","ZEBRENES PAGASTS","028580",405,28,33,20,36,123,68,65,32,187,13,18,11,17,51,26,33,18,218,15,15,9,19,72,42,32,14
2026,"GULBENES NOVADS","029000","GULBENE","029200",6995,385,586,263,413,2117,1247,1238,746,3817,184,312,119,194,1032,679,745,552,3178,201,274,144,219,1085,568,493,194
2026,"GULBENES NOVADS","029000","BEĻAVAS PAGASTS","029400",1252,40,86,57,81,380,254,226,128,615,20,46,30,32,158,116,124,89,637,20,40,27,49,222,138,102,39
2026,"GULBENES NOVADS","029000","DAUKSTU PAGASTS","029410",919,53,83,26,65,268,159,183,82,443,29,39,12,31,116,70,96,50,476,24,44,14,34,152,89,87,32
2026,"GULBENES NOVADS","029000","DRUVIENAS PAGASTS","029420",427,26,57,19,20,131,66,80,28,197,8,31,10,8,52,31,36,21,230,18,26,9,12,79,35,44,7
2026,"GULBENES NOVADS","029000","GALGAUSKAS PAGASTS","029430",546,22,32,27,28,185,96,84,72,250,10,16,13,8,70,38,45,50,296,12,16,14,20,115,58,39,22
2026,"GULBENES NOVADS","029000","JAUNGULBENES PAGASTS","029440",938,39,78,28,48,292,174,163,116,470,23,37,18,20,120,86,82,84,468,16,41,10,28,172,88,81,32
2026,"GULBENES NOVADS","029000","LEJASCIEMA PAGASTS","029450",1339,57,121,58,66,413,248,228,148,671,30,58,32,27,188,109,120,107,668,27,63,26,39,225,139,108,41
2026,"GULBENES NOVADS","029000","LITENES PAGASTS","029460",806,44,48,22,38,264,166,152,72,392,21,25,6,21,117,75,79,48,414,23,23,16,17,147,91,73,24
2026,"GULBENES NOVADS","029000","LIZUMA PAGASTS","029470",1159,75,98,45,56,382,185,214,104,585,37,43,24,23,172,91,120,75,574,38,55,21,33,210,94,94,29
2026,"GULBENES NOVADS","029000","LĪGO PAGASTS","029480",342,18,28,5,13,107,76,55,40,150,5,9,3,6,42,30,27,28,192,13,19,2,7,65,46,28,12
2026,"GULBENES NOVADS","029000","RANKAS PAGASTS","029490",1160,45,91,50,90,389,220,183,92,569,28,36,20,46,174,104,93,68,591,17,55,30,44,215,116,90,24
2026,"GULBENES NOVADS","029000","STĀMERIENAS PAGASTS","029500",877,48,61,25,64,288,178,137,76,425,21,33,6,28,123,82,78,54,452,27,28,19,36,165,96,59,22
2026,"GULBENES NOVADS","029000","STRADU PAGASTS","029510",1544,115,138,92,80,476,248,257,138,778,54,66,37,46,209,128,144,94,766,61,72,55,34,267,120,113,44
2026,"GULBENES NOVADS","029000","TIRZAS PAGASTS","029520",746,50,71,31,34,226,138,131,65,362,19,32,16,19,93,72,60,51,384,31,39,15,15,133,66,71,14
2026,"JELGAVAS NOVADS","030000","CENU PAGASTS","030400",4539,346,449,197,298,1596,727,606,320,2320,159,234,96,148,774,345,347,217,2219,187,215,101,150,822,382,259,103
2026,"JELGAVAS NOVADS","030000","ELEJAS PAGASTS","030410",1904,106,174,84,109,613,301,334,183,985,49,85,43,51,279,148,212,118,919,57,89,41,58,334,153,122,65
2026,"JELGAVAS NOVADS","030000","GLŪDAS PAGASTS","030420",2876,177,284,103,149,989,485,448,241,1432,81,125,52,77,444,234,253,166,1444,96,159,51,72,545,251,195,75
2026,"JELGAVAS NOVADS","030000","JAUNSVIRLAUKAS PAGASTS","030430",2487,114,176,82,152,827,458,439,239,1208,53,75,37,64,343,239,235,162,1279,61,101,45,88,484,219,204,77
2026,"JELGAVAS NOVADS","030000","KALNCIEMA PAGASTS","030440",1912,87,163,64,95,600,324,376,203,974,46,64,31,40,272,164,209,148,938,41,99,33,55,328,160,167,55
2026,"JELGAVAS NOVADS","030000","LIELPLATONES PAGASTS","030450",752,62,70,30,45,247,119,125,54,372,29,33,18,19,117,54,61,41,380,33,37,12,26,130,65,64,13
2026,"JELGAVAS NOVADS","030000","LĪVBĒRZES PAGASTS","030460",2099,115,187,92,113,728,370,316,178,1035,52,76,56,58,322,171,179,121,1064,63,111,36,55,406,199,137,57
2026,"JELGAVAS NOVADS","030000","OZOLNIEKU PAGASTS","030470",4184,360,491,200,230,1438,639,506,320,2222,179,223,105,121,751,330,284,229,1962,181,268,95,109,687,309,222,91
2026,"JELGAVAS NOVADS","030000","PLATONES PAGASTS","030480",1318,57,123,54,66,443,219,241,115,667,28,75,21,33,187,110,135,78,651,29,48,33,33,256,109,106,37
2026,"JELGAVAS NOVADS","030000","SALGALES PAGASTS","030490",1478,96,147,70,91,459,258,224,133,723,43,70,35,44,202,122,116,91,755,53,77,35,47,257,136,108,42
2026,"JELGAVAS NOVADS","030000","SESAVAS PAGASTS","030500",1348,91,106,55,85,453,240,221,97,661,42,54,27,44,178,123,117,76,687,49,52,28,41,275,117,104,21
2026,"JELGAVAS NOVADS","030000","SVĒTES PAGASTS","030510",1805,138,162,66,105,618,336,234,146,906,72,83,28,53,279,172,116,103,899,66,79,38,52,339,164,118,43
2026,"JELGAVAS NOVADS","030000","VALGUNDES PAGASTS","030520",1920,121,160,74,121,665,326,284,169,942,61,75,36,58,288,151,150,123,978,60,85,38,63,377,175,134,46
2026,"JELGAVAS NOVADS","030000","VILCES PAGASTS","030530",1429,61,112,49,76,522,272,212,125,721,33,64,19,35,245,129,111,85,708,28,48,30,41,277,143,101,40
2026,"JELGAVAS NOVADS","030000","VIRCAVAS PAGASTS","030540",1281,63,107,47,92,412,240,207,113,642,36,56,26,48,180,108,105,83,639,27,51,21,44,232,132,102,30
2026,"JELGAVAS NOVADS","030000","ZAĻENIEKU PAGASTS","030550",1419,98,128,70,82,471,222,214,134,692,43,61,33,40,207,100,121,87,727,55,67,37,42,264,122,93,47
2026,"JĒKABPILS NOVADS","031000","JĒKABPILS","031010",21651,1247,1997,942,1297,6740,3675,3598,2155,11698,610,1002,456,651,3221,1990,2200,1568,9953,637,995,486,646,3519,1685,1398,587
2026,"JĒKABPILS NOVADS","031000","AKNĪSTE","031200",937,49,79,42,46,284,168,176,93,487,21,43,20,23,116,95,98,71,450,28,36,22,23,168,73,78,22
2026,"JĒKABPILS NOVADS","031000","VIESĪTE","031210",1493,85,121,62,82,439,250,285,169,772,40,56,30,36,203,128,169,110,721,45,65,32,46,236,122,116,59
2026,"JĒKABPILS NOVADS","031000","AKNĪSTES PAGASTS","031400",348,19,17,11,19,115,89,53,25,157,13,10,2,8,43,44,20,17,191,6,7,9,11,72,45,33,8
2026,"JĒKABPILS NOVADS","031000","ASARES PAGASTS","031410",354,17,24,14,22,111,64,69,33,166,9,12,4,14,43,32,35,17,188,8,12,10,8,68,32,34,16
2026,"JĒKABPILS NOVADS","031000","ATAŠIENES PAGASTS","031420",530,13,39,13,28,161,124,94,58,249,6,14,6,15,57,57,47,47,281,7,25,7,13,104,67,47,11
2026,"JĒKABPILS NOVADS","031000","ĀBEĻU PAGASTS","031430",877,66,89,37,50,296,145,130,64,428,26,53,19,23,137,63,65,42,449,40,36,18,27,159,82,65,22
2026,"JĒKABPILS NOVADS","031000","DIGNĀJAS PAGASTS","031440",372,25,29,11,18,129,66,72,22,179,10,19,5,8,52,30,39,16,193,15,10,6,10,77,36,33,6
2026,"JĒKABPILS NOVADS","031000","DUNAVAS PAGASTS","031450",458,19,19,14,16,121,100,109,60,214,10,11,10,7,44,42,50,40,244,9,8,4,9,77,58,59,20
2026,"JĒKABPILS NOVADS","031000","ELKŠŅU PAGASTS","031460",370,16,21,15,16,100,77,80,45,174,3,10,7,6,41,37,37,33,196,13,11,8,10,59,40,43,12
2026,"JĒKABPILS NOVADS","031000","GĀRSENES PAGASTS","031470",532,19,28,10,17,184,117,112,45,250,6,9,6,6,75,54,62,32,282,13,19,4,11,109,63,50,13
2026,"JĒKABPILS NOVADS","031000","KALNA PAGASTS","031480",490,25,41,18,21,151,93,96,45,234,11,20,10,12,60,43,45,33,256,14,21,8,9,91,50,51,12
2026,"JĒKABPILS NOVADS","031000","KRUSTPILS PAGASTS","031490",853,61,68,31,44,274,162,145,68,414,28,43,16,16,122,75,71,43,439,33,25,15,28,152,87,74,25
2026,"JĒKABPILS NOVADS","031000","KŪKU PAGASTS","031500",1872,110,158,97,111,520,312,347,217,915,56,78,45,54,232,137,175,138,957,54,80,52,57,288,175,172,79
2026,"JĒKABPILS NOVADS","031000","LEIMAŅU PAGASTS","031510",370,27,20,19,15,97,74,75,43,182,12,8,10,8,39,35,40,30,188,15,12,9,7,58,39,35,13
2026,"JĒKABPILS NOVADS","031000","MEŽĀRES PAGASTS","031520",595,24,43,15,33,167,126,129,58,290,14,23,10,16,67,59,61,40,305,10,20,5,17,100,67,68,18
2026,"JĒKABPILS NOVADS","031000","RITES PAGASTS","031530",422,15,35,15,25,135,96,65,36,202,9,17,7,12,57,44,30,26,220,6,18,8,13,78,52,35,10
2026,"JĒKABPILS NOVADS","031000","RUBENES PAGASTS","031540",744,24,39,25,50,215,150,153,88,365,12,20,14,17,85,68,81,68,379,12,19,11,33,130,82,72,20
2026,"JĒKABPILS NOVADS","031000","SALAS PAGASTS","031550",2597,145,242,130,152,776,471,462,219,1302,66,103,61,61,350,240,270,151,1295,79,139,69,91,426,231,192,68
2026,"JĒKABPILS NOVADS","031000","SAUKAS PAGASTS","031560",452,9,22,16,25,116,100,90,74,221,2,16,5,11,37,47,53,50,231,7,6,11,14,79,53,37,24
2026,"JĒKABPILS NOVADS","031000","SĒLPILS PAGASTS","031570",644,18,33,30,33,194,141,112,83,313,7,16,19,15,74,63,65,54,331,11,17,11,18,120,78,47,29
2026,"JĒKABPILS NOVADS","031000","VARIEŠU PAGASTS","031580",998,59,91,52,60,305,175,174,82,465,31,44,19,29,117,81,87,57,533,28,47,33,31,188,94,87,25
2026,"JĒKABPILS NOVADS","031000","VIESĪTES PAGASTS","031590",540,31,41,32,36,150,107,81,62,255,20,19,17,20,50,46,41,42,285,11,22,15,16,100,61,40,20
2026,"JĒKABPILS NOVADS","031000","VĪPES PAGASTS","031600",538,15,46,19,27,160,108,121,42,262,10,24,7,15,68,47,60,31,276,5,22,12,12,92,61,61,11
2026,"JĒKABPILS NOVADS","031000","ZASAS PAGASTS","031610",711,40,66,31,43,201,133,125,72,352,23,35,19,10,80,65,70,50,359,17,31,12,33,121,68,55,22
2026,"KRĀSLAVAS NOVADS","032000","DAGDA","032200",1776,70,140,80,106,448,363,344,225,969,35,73,48,53,203,198,193,166,807,35,67,32,53,245,165,151,59
2026,"KRĀSLAVAS NOVADS","032000","KRĀSLAVA","032210",7237,303,490,244,392,1976,1340,1627,865,4050,144,258,127,177,951,756,1009,628,3187,159,232,117,215,1025,584,618,237
2026,"KRĀSLAVAS NOVADS","032000","ANDRUPENES PAGASTS","032400",854,36,37,18,46,263,199,178,77,415,14,19,10,19,102,98,95,58,439,22,18,8,27,161,101,83,19
2026,"KRĀSLAVAS NOVADS","032000","ANDZEĻU PAGASTS","032410",442,16,32,22,28,116,112,79,37,196,3,17,10,12,40,50,34,30,246,13,15,12,16,76,62,45,7
2026,"KRĀSLAVAS NOVADS","032000","ASŪNES PAGASTS","032420",336,16,25,14,22,94,71,62,32,174,9,10,8,13,48,30,33,23,162,7,15,6,9,46,41,29,9
2026,"KRĀSLAVAS NOVADS","032000","AULEJAS PAGASTS","032430",394,14,15,6,20,103,85,94,57,191,5,6,4,9,34,42,51,40,203,9,9,2,11,69,43,43,17
2026,"KRĀSLAVAS NOVADS","032000","BĒRZIŅU PAGASTS","032440",271,7,17,8,13,81,59,64,22,123,3,12,3,8,26,22,34,15,148,4,5,5,5,55,37,30,7
2026,"KRĀSLAVAS NOVADS","032000","DAGDAS PAGASTS","032450",531,20,33,27,28,155,110,109,49,261,10,19,12,9,63,56,54,38,270,10,14,15,19,92,54,55,11
2026,"KRĀSLAVAS NOVADS","032000","EZERNIEKU PAGASTS","032460",539,16,25,25,26,144,138,110,55,254,8,13,10,12,65,58,52,36,285,8,12,15,14,79,80,58,19
2026,"KRĀSLAVAS NOVADS","032000","GRĀVERU PAGASTS","032470",339,11,16,12,18,83,73,84,42,162,6,7,5,5,31,35,44,29,177,5,9,7,13,52,38,40,13
2026,"KRĀSLAVAS NOVADS","032000","INDRAS PAGASTS","032480",752,13,31,31,43,191,159,192,92,362,6,19,15,17,68,70,105,62,390,7,12,16,26,123,89,87,30
2026,"KRĀSLAVAS NOVADS","032000","IZVALTAS PAGASTS","032490",469,19,29,8,24,133,92,103,61,236,7,18,5,12,57,45,52,40,233,12,11,3,12,76,47,51,21
2026,"KRĀSLAVAS NOVADS","032000","KALNIEŠU PAGASTS","032500",526,15,22,22,30,156,103,125,53,237,2,10,15,9,63,43,58,37,289,13,12,7,21,93,60,67,16
2026,"KRĀSLAVAS NOVADS","032000","KAPLAVAS PAGASTS","032510",448,7,19,12,19,124,110,109,48,203,2,10,4,8,48,46,54,31,245,5,9,8,11,76,64,55,17
2026,"KRĀSLAVAS NOVADS","032000","KASTUĻINAS PAGASTS","032520",588,9,19,22,33,165,130,142,68,290,7,12,12,17,66,61,64,51,298,2,7,10,16,99,69,78,17
2026,"KRĀSLAVAS NOVADS","032000","KOMBUĻU PAGASTS","032530",438,8,24,15,17,113,115,93,53,217,4,12,8,7,48,53,48,37,221,4,12,7,10,65,62,45,16
2026,"KRĀSLAVAS NOVADS","032000","KONSTANTINOVAS PAGASTS","032540",384,14,28,20,27,115,72,78,30,182,7,17,10,14,41,28,45,20,202,7,11,10,13,74,44,33,10
2026,"KRĀSLAVAS NOVADS","032000","KRĀSLAVAS PAGASTS","032550",425,14,27,15,17,117,87,95,53,200,6,15,10,9,43,42,44,31,225,8,12,5,8,74,45,51,22
2026,"KRĀSLAVAS NOVADS","032000","ĶEPOVAS PAGASTS","032560",119,1,4,3,2,36,42,23,8,46,1,1,0,1,7,19,12,5,73,0,3,3,1,29,23,11,3
2026,"KRĀSLAVAS NOVADS","032000","PIEDRUJAS PAGASTS","032570",383,5,15,10,18,114,79,96,46,169,2,7,4,7,36,28,55,30,214,3,8,6,11,78,51,41,16
2026,"KRĀSLAVAS NOVADS","032000","ROBEŽNIEKU PAGASTS","032580",658,25,35,22,29,194,134,136,83,306,8,16,12,13,76,63,65,53,352,17,19,10,16,118,71,71,30
2026,"KRĀSLAVAS NOVADS","032000","SKAISTAS PAGASTS","032590",503,19,41,18,26,139,100,117,43,244,10,20,8,18,60,48,51,29,259,9,21,10,8,79,52,66,14
2026,"KRĀSLAVAS NOVADS","032000","SVARIŅU PAGASTS","032600",228,5,8,4,14,51,57,50,39,120,1,3,2,8,23,27,26,30,108,4,5,2,6,28,30,24,9
2026,"KRĀSLAVAS NOVADS","032000","ŠĶAUNES PAGASTS","032610",377,9,22,16,15,104,88,87,36,182,5,8,5,10,41,41,49,23,195,4,14,11,5,63,47,38,13
2026,"KRĀSLAVAS NOVADS","032000","ŠĶELTOVAS PAGASTS","032620",426,11,23,18,35,111,100,88,40,201,2,12,11,14,38,48,49,27,225,9,11,7,21,73,52,39,13
2026,"KRĀSLAVAS NOVADS","032000","ŪDRĪŠU PAGASTS","032630",1113,46,74,33,69,322,245,216,108,546,13,31,24,37,144,121,114,62,567,33,43,9,32,178,124,102,46
2026,"KULDĪGAS NOVADS","033000","KULDĪGA","033200",10417,621,933,440,633,3350,1664,1676,1100,5666,288,472,204,305,1638,914,1048,797,4751,333,461,236,328,1712,750,628,303
2026,"KULDĪGAS NOVADS","033000","SKRUNDA","033210",1798,85,127,73,94,518,314,349,238,969,38,63,41,45,246,159,201,176,829,47,64,32,49,272,155,148,62
2026,"KULDĪGAS NOVADS","033000","ALSUNGAS PAGASTS","033400",1268,79,98,44,73,385,202,262,125,628,35,43,20,33,179,93,140,85,640,44,55,24,40,206,109,122,40
2026,"KULDĪGAS NOVADS","033000","ĒDOLES PAGASTS","033410",755,52,51,34,48,252,134,119,65,369,23,27,16,24,110,64,59,46,386,29,24,18,24,142,70,60,19
2026,"KULDĪGAS NOVADS","033000","GUDENIEKU PAGASTS","033420",491,27,27,12,20,151,102,116,36,233,10,17,7,9,53,50,62,25,258,17,10,5,11,98,52,54,11
2026,"KULDĪGAS NOVADS","033000","ĪVANDES PAGASTS","033430",322,23,30,13,24,103,58,51,20,160,14,17,9,9,47,25,26,13,162,9,13,4,15,56,33,25,7
2026,"KULDĪGAS NOVADS","033000","KABILES PAGASTS","033440",670,33,47,20,50,217,124,113,66,311,16,20,8,24,84,54,59,46,359,17,27,12,26,133,70,54,20
2026,"KULDĪGAS NOVADS","033000","KURMĀLES PAGASTS","033450",1867,133,177,88,105,630,288,299,147,963,68,90,41,57,297,140,167,103,904,65,87,47,48,333,148,132,44
2026,"KULDĪGAS NOVADS","033000","LAIDU PAGASTS","033460",911,59,78,42,58,290,150,173,61,437,26,44,22,29,116,69,92,39,474,33,34,20,29,174,81,81,22
2026,"KULDĪGAS NOVADS","033000","NĪKRĀCES PAGASTS","033470",530,26,37,24,40,162,85,96,60,252,12,21,15,9,69,34,51,41,278,14,16,9,31,93,51,45,19
2026,"KULDĪGAS NOVADS","033000","PADURES PAGASTS","033480",1007,59,105,69,54,328,162,144,86,526,33,53,34,23,166,78,75,64,481,26,52,35,31,162,84,69,22
2026,"KULDĪGAS NOVADS","033000","PELČU PAGASTS","033490",969,52,95,39,42,324,146,182,89,490,28,46,16,19,163,66,91,61,479,24,49,23,23,161,80,91,28
2026,"KULDĪGAS NOVADS","033000","RAŅĶU PAGASTS","033500",364,20,27,13,16,117,70,70,31,184,11,13,10,10,53,33,33,21,180,9,14,3,6,64,37,37,10
2026,"KULDĪGAS NOVADS","033000","RENDAS PAGASTS","033510",811,42,67,25,41,244,154,159,79,390,22,35,12,21,101,66,84,49,421,20,32,13,20,143,88,75,30
2026,"KULDĪGAS NOVADS","033000","RUDBĀRŽU PAGASTS","033520",724,28,47,27,36,223,151,134,78,340,9,23,15,13,85,67,74,54,384,19,24,12,23,138,84,60,24
2026,"KULDĪGAS NOVADS","033000","RUMBAS PAGASTS","033530",1418,84,134,67,90,454,254,239,96,693,38,67,28,42,200,122,135,61,725,46,67,39,48,254,132,104,35
2026,"KULDĪGAS NOVADS","033000","SKRUNDAS PAGASTS","033540",936,60,84,36,73,313,154,144,72,426,25,36,14,34,130,62,76,49,510,35,48,22,39,183,92,68,23
2026,"KULDĪGAS NOVADS","033000","SNĒPELES PAGASTS","033550",658,44,60,27,45,205,105,122,50,333,21,26,18,18,97,60,63,30,325,23,34,9,27,108,45,59,20
2026,"KULDĪGAS NOVADS","033000","TURLAVAS PAGASTS","033560",796,56,65,34,59,254,114,139,75,381,25,35,14,31,104,54,71,47,415,31,30,20,28,150,60,68,28
2026,"KULDĪGAS NOVADS","033000","VĀRMES PAGASTS","033570",878,37,85,49,74,282,144,142,65,425,20,35,20,37,128,65,75,45,453,17,50,29,37,154,79,67,20
2026,"ĶEKAVAS NOVADS","034000","BALDONE","034200",3771,272,416,181,238,1277,545,528,314,2005,143,202,87,124,622,291,304,232,1766,129,214,94,114,655,254,224,82
2026,"ĶEKAVAS NOVADS","034000","BALOŽI","034210",7030,612,889,299,326,2716,919,907,362,3604,320,446,122,159,1364,448,521,224,3426,292,443,177,167,1352,471,386,138
2026,"ĶEKAVAS NOVADS","034000","ĶEKAVA","034220",5200,333,592,253,313,1748,831,643,487,2850,175,298,115,159,904,427,409,363,2350,158,294,138,154,844,404,234,124
2026,"ĶEKAVAS NOVADS","034000","BALDONES PAGASTS","034400",2158,177,254,116,126,765,336,233,151,1056,86,123,56,51,370,155,111,104,1102,91,131,60,75,395,181,122,47
2026,"ĶEKAVAS NOVADS","034000","DAUGMALES PAGASTS","034410",1369,97,164,96,85,479,189,168,91,687,51,88,53,34,221,85,93,62,682,46,76,43,51,258,104,75,29
2026,"ĶEKAVAS NOVADS","034000","ĶEKAVAS PAGASTS","034421",13077,1117,1519,661,799,4662,1982,1490,847,6552,523,744,300,401,2306,967,766,545,6525,594,775,361,398,2356,1015,724,302
2026,"LIMBAŽU NOVADS","035000","AINAŽI","035200",655,17,37,21,44,190,131,131,84,341,4,15,9,25,79,73,73,63,314,13,22,12,19,111,58,58,21
2026,"LIMBAŽU NOVADS","035000","ALOJA","035210",1029,50,84,42,66,279,191,191,126,524,20,42,15,28,122,103,104,90,505,30,42,27,38,157,88,87,36
2026,"LIMBAŽU NOVADS","035000","LIMBAŽI","035220",6685,354,559,282,370,2019,1123,1164,814,3625,179,272,136,189,966,604,709,570,3060,175,287,146,181,1053,519,455,244
2026,"LIMBAŽU NOVADS","035000","SALACGRĪVA","035230",2488,81,159,98,134,710,503,475,328,1352,46,69,48,70,335,256,281,247,1136,35,90,50,64,375,247,194,81
2026,"LIMBAŽU NOVADS","035000","STAICELE","035240",777,43,47,31,47,240,141,137,91,391,21,25,16,23,86,72,76,72,386,22,22,15,24,154,69,61,19
2026,"LIMBAŽU NOVADS","035000","AINAŽU PAGASTS","035400",409,20,23,19,33,112,83,81,38,197,5,12,5,13,51,41,43,27,212,15,11,14,20,61,42,38,11
2026,"LIMBAŽU NOVADS","035000","ALOJAS PAGASTS","035410",684,22,56,31,39,221,116,126,73,344,12,31,15,19,100,57,64,46,340,10,25,16,20,121,59,62,27
2026,"LIMBAŽU NOVADS","035000","BRASLAVAS PAGASTS","035420",509,28,40,15,26,183,94,82,41,247,12,11,10,17,77,45,44,31,262,16,29,5,9,106,49,38,10
2026,"LIMBAŽU NOVADS","035000","BRĪVZEMNIEKU PAGASTS","035430",798,44,81,33,44,247,145,122,82,386,25,29,20,16,107,66,61,62,412,19,52,13,28,140,79,61,20
2026,"LIMBAŽU NOVADS","035000","KATVARU PAGASTS","035440",1040,66,103,44,51,312,186,180,98,489,26,48,11,23,135,87,81,78,551,40,55,33,28,177,99,99,20
2026,"LIMBAŽU NOVADS","035000","LIEPUPES PAGASTS","035450",1707,71,88,49,89,504,358,351,197,847,37,43,26,45,213,164,185,134,860,34,45,23,44,291,194,166,63
2026,"LIMBAŽU NOVADS","035000","LIMBAŽU PAGASTS","035460",1982,113,162,99,135,630,360,295,188,990,69,86,55,53,283,164,155,125,992,44,76,44,82,347,196,140,63
2026,"LIMBAŽU NOVADS","035000","PĀLES PAGASTS","035470",612,33,55,21,45,197,93,111,57,315,18,31,12,21,83,48,58,44,297,15,24,9,24,114,45,53,13
2026,"LIMBAŽU NOVADS","035000","SALACGRĪVAS PAGASTS","035480",1762,81,124,72,77,559,376,304,169,841,38,60,35,29,230,179,157,113,921,43,64,37,48,329,197,147,56
2026,"LIMBAŽU NOVADS","035000","SKULTES PAGASTS","035490",3341,136,213,109,171,1181,644,568,319,1547,72,106,49,75,499,289,257,200,1794,64,107,60,96,682,355,311,119
2026,"LIMBAŽU NOVADS","035000","STAICELES PAGASTS","035500",465,20,24,22,24,138,102,71,64,232,11,13,13,12,63,42,29,49,233,9,11,9,12,75,60,42,15
2026,"LIMBAŽU NOVADS","035000","UMURGAS PAGASTS","035510",1031,50,90,47,66,291,213,157,117,521,24,43,30,26,139,99,75,85,510,26,47,17,40,152,114,82,32
2026,"LIMBAŽU NOVADS","035000","VIDRIŽU PAGASTS","035520",1213,64,92,48,71,390,215,216,117,588,34,35,17,33,166,106,118,79,625,30,57,31,38,224,109,98,38
2026,"LIMBAŽU NOVADS","035000","VIĻĶENES PAGASTS","035530",1197,51,83,39,63,400,247,199,115,531,25,33,23,35,138,100,100,77,666,26,50,16,28,262,147,99,38
2026,"LĪVĀNU NOVADS","036000","LĪVĀNI","036200",7061,375,563,293,391,2121,1121,1453,744,3855,174,269,150,210,1014,590,903,545,3206,201,294,143,181,1107,531,550,199
2026,"LĪVĀNU NOVADS","036000","JERSIKAS PAGASTS","036400",659,42,45,28,27,183,120,135,79,308,21,25,10,12,70,56,60,54,351,21,20,18,15,113,64,75,25
2026,"LĪVĀNU NOVADS","036000","ROŽUPES PAGASTS","036410",1055,48,79,50,54,306,184,216,118,497,24,33,29,27,113,83,105,83,558,24,46,21,27,193,101,111,35
2026,"LĪVĀNU NOVADS","036000","RUDZĀTU PAGASTS","036420",637,31,44,29,36,211,129,94,63,317,16,27,15,16,87,55,52,49,320,15,17,14,20,124,74,42,14
2026,"LĪVĀNU NOVADS","036000","SUTRU PAGASTS","036430",426,15,17,10,25,125,106,79,49,211,7,8,4,14,56,44,40,38,215,8,9,6,11,69,62,39,11
2026,"LĪVĀNU NOVADS","036000","TURKU PAGASTS","036440",679,34,47,25,42,210,143,122,56,340,20,26,13,17,88,75,64,37,339,14,21,12,25,122,68,58,19
2026,"LUDZAS NOVADS","037000","KĀRSAVA","037200",1908,104,156,83,112,594,348,306,205,1027,48,87,42,47,282,182,182,157,881,56,69,41,65,312,166,124,48
2026,"LUDZAS NOVADS","037000","LUDZA","037210",7437,318,543,283,414,2178,1414,1401,886,4151,160,258,147,212,1042,771,897,664,3286,158,285,136,202,1136,643,504,222
2026,"LUDZAS NOVADS","037000","ZILUPE","037220",1249,44,90,32,78,378,245,238,144,661,18,41,16,33,167,136,148,102,588,26,49,16,45,211,109,90,42
2026,"LUDZAS NOVADS","037000","BLONTU PAGASTS","037400",329,18,29,15,17,98,68,54,30,170,11,13,8,11,41,35,27,24,159,7,16,7,6,57,33,27,6
2026,"LUDZAS NOVADS","037000","BRIĢU PAGASTS","037410",476,18,33,18,19,160,101,84,43,239,9,17,7,7,67,52,46,34,237,9,16,11,12,93,49,38,9
2026,"LUDZAS NOVADS","037000","CIBLAS PAGASTS","037420",593,29,35,19,35,172,117,129,57,305,16,14,10,21,69,61,72,42,288,13,21,9,14,103,56,57,15
2026,"LUDZAS NOVADS","037000","CIRMAS PAGASTS","037430",509,17,34,19,22,147,123,98,49,245,9,16,11,11,53,63,45,37,264,8,18,8,11,94,60,53,12
2026,"LUDZAS NOVADS","037000","GOLIŠEVAS PAGASTS","037440",313,13,17,12,10,91,80,63,27,151,6,11,5,5,34,31,36,23,162,7,6,7,5,57,49,27,4
2026,"LUDZAS NOVADS","037000","ISNAUDAS PAGASTS","037450",847,34,69,42,47,274,179,132,70,402,15,37,21,20,104,83,72,50,445,19,32,21,27,170,96,60,20
2026,"LUDZAS NOVADS","037000","ISTRAS PAGASTS","037460",398,8,18,6,24,118,74,93,57,195,4,8,6,8,44,32,48,45,203,4,10,0,16,74,42,45,12
2026,"LUDZAS NOVADS","037000","LAUDERU PAGASTS","037470",231,3,13,6,16,69,49,49,26,118,1,7,3,6,25,26,28,22,113,2,6,3,10,44,23,21,4
2026,"LUDZAS NOVADS","037000","LĪDUMNIEKU PAGASTS","037480",208,8,9,3,9,66,53,39,21,97,3,6,2,6,26,20,17,17,111,5,3,1,3,40,33,22,4
2026,"LUDZAS NOVADS","037000","MALNAVAS PAGASTS","037490",897,33,67,28,48,266,169,183,103,464,17,37,14,24,108,84,103,77,433,16,30,14,24,158,85,80,26
2026,"LUDZAS NOVADS","037000","MEŽVIDU PAGASTS","037500",670,32,35,24,36,194,164,127,58,326,14,21,9,17,74,80,69,42,344,18,14,15,19,120,84,58,16
2026,"LUDZAS NOVADS","037000","MĒRDZENES PAGASTS","037510",544,33,34,26,20,176,92,120,43,279,16,17,18,12,75,43,64,34,265,17,17,8,8,101,49,56,9
2026,"LUDZAS NOVADS","037000","NIRZAS PAGASTS","037520",289,7,12,3,14,76,76,69,32,129,2,3,0,7,28,38,29,22,160,5,9,3,7,48,38,40,10
2026,"LUDZAS NOVADS","037000","ŅUKŠU PAGASTS","037530",378,19,37,14,23,108,62,78,37,191,12,18,6,18,46,25,36,30,187,7,19,8,5,62,37,42,7
2026,"LUDZAS NOVADS","037000","PASIENES PAGASTS","037540",445,10,30,9,28,150,96,85,37,207,5,9,5,14,59,45,45,25,238,5,21,4,14,91,51,40,12
2026,"LUDZAS NOVADS","037000","PILDAS PAGASTS","037550",422,16,30,11,25,121,97,78,44,197,5,15,6,11,50,40,39,31,225,11,15,5,14,71,57,39,13
2026,"LUDZAS NOVADS","037000","PUREŅU PAGASTS","037560",251,8,8,3,6,75,60,60,31,113,2,4,1,4,27,29,27,19,138,6,4,2,2,48,31,33,12
2026,"LUDZAS NOVADS","037000","PUŠMUCOVAS PAGASTS","037570",426,25,30,12,23,131,81,83,41,201,12,15,4,11,45,42,45,27,225,13,15,8,12,86,39,38,14
2026,"LUDZAS NOVADS","037000","RUNDĒNU PAGASTS","037580",325,19,5,10,13,81,75,82,40,144,5,1,1,7,35,30,35,30,181,14,4,9,6,46,45,47,10
2026,"LUDZAS NOVADS","037000","SALNAVAS PAGASTS","037590",554,28,31,18,39,167,109,106,56,273,14,16,12,16,65,51,60,39,281,14,15,6,23,102,58,46,17
2026,"LUDZAS NOVADS","037000","ZAĻESJES PAGASTS","037600",488,16,14,21,35,164,101,92,45,214,3,8,6,15,68,40,49,25,274,13,6,15,20,96,61,43,20
2026,"LUDZAS NOVADS","037000","ZVIRGZDENES PAGASTS","037610",574,20,35,20,28,176,136,101,58,289,9,21,13,15,67,77,44,43,285,11,14,7,13,109,59,57,15
2026,"MADONAS NOVADS","038001","CESVAINE","038200",1217,53,85,45,59,356,230,242,147,648,26,46,20,27,163,121,142,103,569,27,39,25,32,193,109,100,44
2026,"MADONAS NOVADS","038001","LUBĀNA","038210",1443,65,106,57,74,454,246,247,194,762,33,50,29,41,193,133,134,149,681,32,56,28,33,261,113,113,45
2026,"MADONAS NOVADS","038001","MADONA","038220",6846,389,656,302,348,2029,1133,1236,753,3808,196,343,141,182,990,619,789,548,3038,193,313,161,166,1039,514,447,205
2026,"MADONAS NOVADS","038001","VARAKĻĀNI","038231",1650,77,130,67,101,506,290,262,217,889,38,68,26,49,226,157,159,166,761,39,62,41,52,280,133,103,51
2026,"MADONAS NOVADS","038001","ARONAS PAGASTS","038400",1224,70,96,48,86,386,201,195,142,575,37,48,21,30,164,87,94,94,649,33,48,27,56,222,114,101,48
2026,"MADONAS NOVADS","038001","BARKAVAS PAGASTS","038410",1110,49,86,58,75,313,199,224,106,563,26,31,29,29,152,86,132,78,547,23,55,29,46,161,113,92,28
2026,"MADONAS NOVADS","038001","BĒRZAUNES PAGASTS","038420",1281,52,93,64,66,426,238,209,133,620,28,41,31,29,167,121,113,90,661,24,52,33,37,259,117,96,43
2026,"MADONAS NOVADS","038001","CESVAINES PAGASTS","038430",997,39,96,44,65,298,195,159,101,467,17,37,19,30,119,94,84,67,530,22,59,25,35,179,101,75,34
2026,"MADONAS NOVADS","038001","DZELZAVAS PAGASTS","038440",1015,66,77,49,68,295,172,170,118,551,38,36,21,35,139,91,96,95,464,28,41,28,33,156,81,74,23
2026,"MADONAS NOVADS","038001","ĒRGĻU PAGASTS","038450",1856,78,132,69,130,532,340,344,231,956,40,67,28,67,234,167,179,174,900,38,65,41,63,298,173,165,57
2026,"MADONAS NOVADS","038001","INDRĀNU PAGASTS","038460",606,23,29,23,34,191,132,103,71,263,12,12,12,15,59,54,51,48,343,11,17,11,19,132,78,52,23
2026,"MADONAS NOVADS","038001","JUMURDAS PAGASTS","038470",228,15,6,3,8,77,37,47,35,106,9,4,1,4,23,22,25,18,122,6,2,2,4,54,15,22,17
2026,"MADONAS NOVADS","038001","KALSNAVAS PAGASTS","038480",1483,66,108,39,82,459,274,299,156,756,34,50,18,34,192,144,181,103,727,32,58,21,48,267,130,118,53
2026,"MADONAS NOVADS","038001","LAZDONAS PAGASTS","038490",628,33,55,26,36,207,108,107,56,327,17,26,12,19,90,57,66,40,301,16,29,14,17,117,51,41,16
2026,"MADONAS NOVADS","038001","LIEZĒRES PAGASTS","038500",1074,57,76,50,53,329,202,198,109,519,30,37,24,23,133,93,104,75,555,27,39,26,30,196,109,94,34
2026,"MADONAS NOVADS","038001","ĻAUDONAS PAGASTS","038510",1117,64,77,45,61,353,218,179,120,529,29,44,18,24,141,103,91,79,588,35,33,27,37,212,115,88,41
2026,"MADONAS NOVADS","038001","MĀRCIENAS PAGASTS","038520",844,47,66,33,41,256,160,141,100,429,24,28,22,18,108,73,73,83,415,23,38,11,23,148,87,68,17
2026,"MADONAS NOVADS","038001","MĒTRIENAS PAGASTS","038530",623,42,49,26,35,209,108,105,49,313,23,19,13,19,97,47,55,40,310,19,30,13,16,112,61,50,9
2026,"MADONAS NOVADS","038001","OŠUPES PAGASTS","038540",809,41,57,32,37,252,145,155,90,382,22,23,13,23,103,57,84,57,427,19,34,19,14,149,88,71,33
2026,"MADONAS NOVADS","038001","PRAULIENAS PAGASTS","038550",1361,86,119,61,71,414,262,224,124,644,41,46,31,31,173,118,113,91,717,45,73,30,40,241,144,111,33
2026,"MADONAS NOVADS","038001","SARKAŅU PAGASTS","038560",1207,86,110,33,64,374,245,195,100,611,44,52,18,37,164,125,103,68,596,42,58,15,27,210,120,92,32
2026,"MADONAS NOVADS","038001","SAUSNĒJAS PAGASTS","038570",397,12,23,5,21,122,82,80,52,187,4,9,1,13,46,35,46,33,210,8,14,4,8,76,47,34,19
2026,"MADONAS NOVADS","038001","VESTIENAS PAGASTS","038580",527,26,28,13,40,164,107,97,52,242,13,9,4,21,67,48,46,34,285,13,19,9,19,97,59,51,18
2026,"MADONAS NOVADS","038001","MURMASTIENES PAGASTS","038591",622,32,33,24,36,206,114,105,72,295,18,16,13,16,79,50,54,49,327,14,17,11,20,127,64,51,23
2026,"MADONAS NOVADS","038001","VARAKĻĀNU PAGASTS","038601",551,22,27,16,29,175,112,117,53,267,10,9,5,14,69,53,66,41,284,12,18,11,15,106,59,51,12
2026,"MĀRUPES NOVADS","039000","MĀRUPE","039200",18947,1952,3047,1111,1020,7699,2456,1130,532,9196,911,1469,542,514,3799,1022,587,352,9751,1041,1578,569,506,3900,1434,543,180
2026,"MĀRUPES NOVADS","039000","BABĪTES PAGASTS","039400",12484,1046,1712,656,746,4569,1866,1224,665,6390,506,819,326,351,2366,923,658,441,6094,540,893,330,395,2203,943,566,224
2026,"MĀRUPES NOVADS","039000","MĀRUPES PAGASTS","039411",8100,700,1006,426,466,2961,1189,854,498,4173,341,503,214,201,1478,599,474,363,3927,359,503,212,265,1483,590,380,135
2026,"MĀRUPES NOVADS","039000","SALAS PAGASTS","039420",1617,118,176,60,63,592,241,250,117,840,58,78,36,31,309,125,129,74,777,60,98,24,32,283,116,121,43
2026,"OGRES NOVADS","040000","OGRE","040010",23588,1424,2217,1145,1369,7486,3868,3537,2542,12940,683,1119,564,676,3719,2079,2288,1812,10648,741,1098,581,693,3767,1789,1249,730
2026,"OGRES NOVADS","040000","IKŠĶILE","040200",7655,583,1045,468,455,2525,1121,851,607,3966,287,484,218,222,1295,564,493,403,3689,296,561,250,233,1230,557,358,204
2026,"OGRES NOVADS","040000","ĶEGUMS","040210",2160,129,219,77,103,681,325,381,245,1131,62,101,35,56,322,175,221,159,1029,67,118,42,47,359,150,160,86
2026,"OGRES NOVADS","040000","LIELVĀRDE","040220",6093,383,582,289,358,1942,1064,897,578,3238,189,304,137,178,946,551,531,402,2855,194,278,152,180,996,513,366,176
2026,"OGRES NOVADS","040000","BIRZGALES PAGASTS","040400",1533,84,151,63,73,477,293,255,137,727,37,68,40,25,196,136,135,90,806,47,83,23,48,281,157,120,47
2026,"OGRES NOVADS","040000","JUMPRAVAS PAGASTS","040410",1694,88,138,72,128,502,296,305,165,882,46,65,40,68,225,144,171,123,812,42,73,32,60,277,152,134,42
2026,"OGRES NOVADS","040000","KRAPES PAGASTS","040420",567,36,34,21,27,165,113,102,69,264,15,16,8,14,63,53,45,50,303,21,18,13,13,102,60,57,19
2026,"OGRES NOVADS","040000","ĶEIPENES PAGASTS","040430",822,38,57,27,50,252,154,158,86,417,23,33,18,28,109,69,78,59,405,15,24,9,22,143,85,80,27
2026,"OGRES NOVADS","040000","LAUBERES PAGASTS","040440",573,41,60,16,29,188,100,88,51,289,22,36,8,18,77,52,40,36,284,19,24,8,11,111,48,48,15
2026,"OGRES NOVADS","040000","LĒDMANES PAGASTS","040450",1050,47,85,35,53,322,192,192,124,525,26,41,19,25,127,99,103,85,525,21,44,16,28,195,93,89,39
2026,"OGRES NOVADS","040000","LIELVĀRDES PAGASTS","040460",905,53,91,45,47,295,168,129,77,445,29,50,24,26,121,74,67,54,460,24,41,21,21,174,94,62,23
2026,"OGRES NOVADS","040000","MADLIENAS PAGASTS","040470",1412,92,115,62,84,419,254,242,144,701,42,61,32,43,183,113,136,91,711,50,54,30,41,236,141,106,53
2026,"OGRES NOVADS","040000","MAZOZOLU PAGASTS","040480",413,16,30,17,15,125,88,71,51,197,3,15,6,7,54,42,37,33,216,13,15,11,8,71,46,34,18
2026,"OGRES NOVADS","040000","MEŅĢELES PAGASTS","040490",452,17,33,15,23,146,88,85,45,215,10,17,6,14,46,46,42,34,237,7,16,9,9,100,42,43,11
2026,"OGRES NOVADS","040000","OGRESGALA PAGASTS","040500",3332,221,361,168,208,1113,546,427,288,1674,121,172,79,97,509,261,239,196,1658,100,189,89,111,604,285,188,92
2026,"OGRES NOVADS","040000","REMBATES PAGASTS","040510",1126,76,114,50,69,358,189,184,86,547,40,62,17,34,158,85,91,60,579,36,52,33,35,200,104,93,26
2026,"OGRES NOVADS","040000","SUNTAŽU PAGASTS","040520",1707,84,160,88,93,552,308,277,145,843,37,76,52,41,234,148,162,93,864,47,84,36,52,318,160,115,52
2026,"OGRES NOVADS","040000","TAURUPES PAGASTS","040530",682,36,54,35,39,213,114,128,63,325,13,27,18,12,97,49,64,45,357,23,27,17,27,116,65,64,18
2026,"OGRES NOVADS","040000","TĪNŪŽU PAGASTS","040540",3194,256,405,178,182,1121,535,334,183,1571,117,203,83,101,512,257,180,118,1623,139,202,95,81,609,278,154,65
2026,"OGRES NOVADS","040000","TOMES PAGASTS","040550",725,59,78,27,27,237,139,98,60,361,30,43,14,12,106,64,50,42,364,29,35,13,15,131,75,48,18
2026,"OLAINES NOVADS","041000","OLAINE","041200",9919,464,732,376,591,3153,1750,1657,1196,5503,224,356,174,299,1493,958,1086,913,4416,240,376,202,292,1660,792,571,283
2026,"OLAINES NOVADS","041000","OLAINES PAGASTS","041400",11828,793,1252,603,644,4390,1915,1540,691,5813,383,628,294,324,2053,865,806,460,6015,410,624,309,320,2337,1050,734,231
2026,"PREIĻU NOVADS","042000","PREIĻI","042200",5956,302,468,223,292,1695,1082,1253,641,3340,145,221,112,135,809,639,795,484,2616,157,247,111,157,886,443,458,157
2026,"PREIĻU NOVADS","042000","AGLONAS PAGASTS","042400",1490,67,111,57,73,410,306,309,157,739,35,48,29,31,179,146,162,109,751,32,63,28,42,231,160,147,48
2026,"PREIĻU NOVADS","042000","AIZKALNES PAGASTS","042410",423,13,29,11,19,126,83,93,49,197,4,14,7,3,49,32,50,38,226,9,15,4,16,77,51,43,11
2026,"PREIĻU NOVADS","042000","GALĒNU PAGASTS","042420",607,17,41,31,32,190,117,114,65,301,10,17,19,10,80,51,59,55,306,7,24,12,22,110,66,55,10
2026,"PREIĻU NOVADS","042000","PELĒČU PAGASTS","042430",540,28,42,23,29,147,107,103,61,237,11,15,14,9,59,42,43,44,303,17,27,9,20,88,65,60,17
2026,"PREIĻU NOVADS","042000","PREIĻU PAGASTS","042440",932,49,75,42,45,275,193,165,88,420,20,30,19,24,100,91,79,57,512,29,45,23,21,175,102,86,31
2026,"PREIĻU NOVADS","042000","RIEBIŅU PAGASTS","042450",1120,66,73,43,64,336,232,190,116,555,24,32,19,33,153,110,107,77,565,42,41,24,31,183,122,83,39
2026,"PREIĻU NOVADS","042000","ROŽKALNU PAGASTS","042460",595,35,59,19,27,176,113,91,75,281,19,32,10,8,74,49,40,49,314,16,27,9,19,102,64,51,26
2026,"PREIĻU NOVADS","042000","RUŠONAS PAGASTS","042470",1247,61,122,48,61,379,235,220,121,565,29,48,20,21,153,109,100,85,682,32,74,28,40,226,126,120,36
2026,"PREIĻU NOVADS","042000","SAUNAS PAGASTS","042480",722,29,50,31,31,206,133,144,98,366,15,30,13,15,86,58,80,69,356,14,20,18,16,120,75,64,29
2026,"PREIĻU NOVADS","042000","SILAJĀŅU PAGASTS","042490",283,4,9,5,19,88,59,61,38,134,4,5,3,7,31,24,31,29,149,0,4,2,12,57,35,30,9
2026,"PREIĻU NOVADS","042000","SĪĻUKALNA PAGASTS","042500",413,24,23,12,25,120,97,78,34,201,13,15,4,11,46,42,42,28,212,11,8,8,14,74,55,36,6
2026,"PREIĻU NOVADS","042000","STABULNIEKU PAGASTS","042510",577,37,34,17,30,189,114,123,33,277,18,15,9,11,79,60,64,21,300,19,19,8,19,110,54,59,12
2026,"PREIĻU NOVADS","042000","UPMALAS PAGASTS","042520",555,26,31,15,29,173,106,121,54,281,14,13,6,14,75,53,62,44,274,12,18,9,15,98,53,59,10
2026,"PREIĻU NOVADS","042000","VĀRKAVAS PAGASTS","042530",458,16,32,10,21,148,81,91,59,226,9,15,7,10,63,37,46,39,232,7,17,3,11,85,44,45,20
2026,"RĒZEKNES NOVADS","043000","VIĻĀNI","043200",2800,157,205,119,162,798,527,517,315,1510,77,108,66,76,376,279,315,213,1290,80,97,53,86,422,248,202,102
2026,"RĒZEKNES NOVADS","043000","AUDRIŅU PAGASTS","043400",922,52,72,40,57,308,164,150,79,456,22,39,19,25,144,76,76,55,466,30,33,21,32,164,88,74,24
2026,"RĒZEKNES NOVADS","043000","BĒRZGALES PAGASTS","043410",551,26,49,19,34,176,116,89,42,271,13,24,8,21,70,59,41,35,280,13,25,11,13,106,57,48,7
2026,"RĒZEKNES NOVADS","043000","ČORNAJAS PAGASTS","043420",1042,57,64,39,67,345,214,182,74,492,27,29,18,32,153,95,92,46,550,30,35,21,35,192,119,90,28
2026,"RĒZEKNES NOVADS","043000","DEKŠĀRES PAGASTS","043430",553,14,34,20,39,166,107,115,58,273,7,16,10,19,73,48,56,44,280,7,18,10,20,93,59,59,14
2026,"RĒZEKNES NOVADS","043000","DRICĀNU PAGASTS","043440",794,43,56,28,43,244,146,159,75,354,23,25,11,15,89,62,72,57,440,20,31,17,28,155,84,87,18
2026,"RĒZEKNES NOVADS","043000","FEIMAŅU PAGASTS","043450",674,29,58,28,39,205,126,138,51,323,16,23,14,15,83,61,74,37,351,13,35,14,24,122,65,64,14
2026,"RĒZEKNES NOVADS","043000","GAIGALAVAS PAGASTS","043460",724,29,57,20,45,230,163,120,60,353,19,28,14,16,95,80,58,43,371,10,29,6,29,135,83,62,17
2026,"RĒZEKNES NOVADS","043000","GRIŠKĀNU PAGASTS","043470",1811,106,169,70,91,607,355,284,129,896,60,93,33,33,265,181,149,82,915,46,76,37,58,342,174,135,47
2026,"RĒZEKNES NOVADS","043000","ILZESKALNA PAGASTS","043480",573,40,38,14,23,196,125,90,47,264,18,18,8,14,79,52,44,31,309,22,20,6,9,117,73,46,16
2026,"RĒZEKNES NOVADS","043000","KANTINIEKU PAGASTS","043490",394,14,25,14,21,131,74,85,30,195,6,12,6,7,56,42,41,25,199,8,13,8,14,75,32,44,5
2026,"RĒZEKNES NOVADS","043000","KAUNATAS PAGASTS","043500",959,46,66,27,62,298,192,180,88,470,26,31,11,29,122,94,91,66,489,20,35,16,33,176,98,89,22
2026,"RĒZEKNES NOVADS","043000","LENDŽU PAGASTS","043510",619,30,49,24,23,232,95,114,52,298,12,33,12,9,101,44,53,34,321,18,16,12,14,131,51,61,18
2026,"RĒZEKNES NOVADS","043000","LŪZNAVAS PAGASTS","043520",815,49,64,28,43,244,149,162,76,395,30,27,12,22,99,71,77,57,420,19,37,16,21,145,78,85,19
2026,"RĒZEKNES NOVADS","043000","MALTAS PAGASTS","043530",2478,120,189,112,165,735,466,466,225,1261,61,77,54,64,333,251,267,154,1217,59,112,58,101,402,215,199,71
2026,"RĒZEKNES NOVADS","043000","MĀKOŅKALNA PAGASTS","043540",455,17,19,21,18,151,110,75,44,199,7,12,6,9,43,43,43,36,256,10,7,15,9,108,67,32,8
2026,"RĒZEKNES NOVADS","043000","NAGĻU PAGASTS","043550",363,15,24,8,22,114,72,68,40,173,6,9,4,11,47,34,39,23,190,9,15,4,11,67,38,29,17
2026,"RĒZEKNES NOVADS","043000","NAUTRĒNU PAGASTS","043560",881,34,69,27,57,258,193,156,87,425,16,33,9,27,109,90,84,57,456,18,36,18,30,149,103,72,30
2026,"RĒZEKNES NOVADS","043000","OZOLAINES PAGASTS","043570",1690,70,121,58,94,594,342,281,130,789,32,57,27,46,254,142,146,85,901,38,64,31,48,340,200,135,45
2026,"RĒZEKNES NOVADS","043000","OZOLMUIŽAS PAGASTS","043580",796,48,53,32,50,272,147,148,46,386,23,20,14,26,126,71,77,29,410,25,33,18,24,146,76,71,17
2026,"RĒZEKNES NOVADS","043000","PUŠAS PAGASTS","043590",328,17,21,15,17,85,51,89,33,169,13,10,8,11,38,24,44,21,159,4,11,7,6,47,27,45,12
2026,"RĒZEKNES NOVADS","043000","RIKAVAS PAGASTS","043600",588,24,35,21,23,211,110,114,50,269,10,20,10,12,70,57,53,37,319,14,15,11,11,141,53,61,13
2026,"RĒZEKNES NOVADS","043000","SAKSTAGALA PAGASTS","043610",1137,51,83,56,66,374,231,189,87,556,31,42,32,34,151,109,104,53,581,20,41,24,32,223,122,85,34
2026,"RĒZEKNES NOVADS","043000","SILMALAS PAGASTS","043620",2191,118,159,108,149,697,430,355,175,1055,64,73,51,69,293,207,182,116,1136,54,86,57,80,404,223,173,59
2026,"RĒZEKNES NOVADS","043000","SOKOLKU PAGASTS","043630",565,27,39,20,33,169,111,106,60,266,10,17,12,23,57,49,54,44,299,17,22,8,10,112,62,52,16
2026,"RĒZEKNES NOVADS","043000","STOĻEROVAS PAGASTS","043640",495,29,33,17,38,157,111,84,26,234,15,21,8,16,62,51,44,17,261,14,12,9,22,95,60,40,9
2026,"RĒZEKNES NOVADS","043000","STRUŽĀNU PAGASTS","043650",681,55,70,27,52,181,112,105,79,387,31,43,12,24,94,59,65,59,294,24,27,15,28,87,53,40,20
2026,"RĒZEKNES NOVADS","043000","VĒRĒMU PAGASTS","043660",1419,69,100,48,69,448,291,275,119,718,42,57,18,40,188,149,138,86,701,27,43,30,29,260,142,137,33
2026,"RĒZEKNES NOVADS","043000","VIĻĀNU PAGASTS","043670",1244,63,79,52,63,382,262,218,125,604,28,41,22,34,164,118,110,87,640,35,38,30,29,218,144,108,38
2026,"ROPAŽU NOVADS","044000","VANGAŽI","044200",3348,165,304,140,193,1078,576,566,326,1765,84,155,54,90,513,297,330,242,1583,81,149,86,103,565,279,236,84
2026,"ROPAŽU NOVADS","044000","GARKALNES PAGASTS","044400",11227,871,1339,584,715,3822,1903,1337,656,5613,451,645,285,324,1903,952,666,387,5614,420,694,299,391,1919,951,671,269
2026,"ROPAŽU NOVADS","044000","ROPAŽU PAGASTS","044410",8572,570,887,490,625,3059,1284,1086,571,4086,257,432,201,239,1350,611,612,384,4486,313,455,289,386,1709,673,474,187
2026,"ROPAŽU NOVADS","044000","STOPIŅU PAGASTS","044420",14844,1261,1754,782,820,5757,2128,1493,849,7528,643,859,387,370,2817,1039,830,583,7316,618,895,395,450,2940,1089,663,266
2026,"SALASPILS NOVADS","045000","SALASPILS","045200",18567,1245,1896,819,1054,6472,2982,2346,1753,9807,594,873,404,499,3226,1543,1424,1244,8760,651,1023,415,555,3246,1439,922,509
2026,"SALASPILS NOVADS","045000","SALASPILS PAGASTS","045400",6279,377,624,269,375,2290,1095,852,397,3051,176,307,138,187,1034,507,431,271,3228,201,317,131,188,1256,588,421,126
2026,"SALDUS NOVADS","046000","BROCĒNI","046200",3017,203,266,142,175,970,478,490,293,1606,99,132,67,86,464,259,286,213,1411,104,134,75,89,506,219,204,80
2026,"SALDUS NOVADS","046000","SALDUS","046210",10014,618,973,415,553,3191,1685,1590,989,5349,296,496,204,282,1504,923,950,694,4665,322,477,211,271,1687,762,640,295
2026,"SALDUS NOVADS","046000","BLĪDENES PAGASTS","046400",648,36,47,18,44,210,116,129,48,326,16,26,10,20,91,57,68,38,322,20,21,8,24,119,59,61,10
2026,"SALDUS NOVADS","046000","CIECERES PAGASTS","046410",934,58,93,54,49,315,150,129,86,476,29,46,26,31,151,70,67,56,458,29,47,28,18,164,80,62,30
2026,"SALDUS NOVADS","046000","EZERES PAGASTS","046420",941,52,79,46,54,277,166,178,89,478,29,42,18,22,123,82,103,59,463,23,37,28,32,154,84,75,30
2026,"SALDUS NOVADS","046000","GAIĶU PAGASTS","046430",641,26,75,27,36,206,107,107,57,314,12,37,16,15,91,51,55,37,327,14,38,11,21,115,56,52,20
2026,"SALDUS NOVADS","046000","JAUNAUCES PAGASTS","046440",265,7,12,8,23,76,61,40,38,117,4,6,5,13,18,25,21,25,148,3,6,3,10,58,36,19,13
2026,"SALDUS NOVADS","046000","JAUNLUTRIŅU PAGASTS","046450",654,37,57,38,39,212,107,115,49,306,18,28,16,15,86,51,57,35,348,19,29,22,24,126,56,58,14
2026,"SALDUS NOVADS","046000","KURSĪŠU PAGASTS","046460",686,33,61,25,59,223,132,102,51,329,13,33,14,32,90,62,55,30,357,20,28,11,27,133,70,47,21
2026,"SALDUS NOVADS","046000","LUTRIŅU PAGASTS","046470",1117,60,103,74,91,354,161,162,112,558,32,47,28,48,163,80,85,75,559,28,56,46,43,191,81,77,37
2026,"SALDUS NOVADS","046000","NĪGRANDES PAGASTS","046480",1091,37,69,32,66,326,203,252,106,532,21,29,15,31,133,89,141,73,559,16,40,17,35,193,114,111,33
2026,"SALDUS NOVADS","046000","NOVADNIEKU PAGASTS","046490",1537,107,146,78,96,471,254,254,131,759,41,64,43,47,205,127,150,82,778,66,82,35,49,266,127,104,49
2026,"SALDUS NOVADS","046000","PAMPĀĻU PAGASTS","046500",485,31,28,19,25,148,98,107,29,234,21,11,6,10,61,45,60,20,251,10,17,13,15,87,53,47,9
2026,"SALDUS NOVADS","046000","REMTES PAGASTS","046510",636,39,44,23,34,204,117,99,76,293,14,22,12,15,86,44,52,48,343,25,22,11,19,118,73,47,28
2026,"SALDUS NOVADS","046000","RUBAS PAGASTS","046520",588,12,28,10,45,160,115,125,93,277,7,14,5,19,53,56,60,63,311,5,14,5,26,107,59,65,30
2026,"SALDUS NOVADS","046000","SALDUS PAGASTS","046530",1358,82,120,57,70,412,231,247,139,685,37,58,30,39,182,117,135,87,673,45,62,27,31,230,114,112,52
2026,"SALDUS NOVADS","046000","ŠĶĒDES PAGASTS","046540",458,25,19,21,34,157,91,68,43,223,13,13,11,18,65,42,31,30,235,12,6,10,16,92,49,37,13
2026,"SALDUS NOVADS","046000","VADAKSTES PAGASTS","046550",307,5,4,6,14,94,70,78,36,145,3,1,4,6,34,33,38,26,162,2,3,2,8,60,37,40,10
2026,"SALDUS NOVADS","046000","ZAŅAS PAGASTS","046560",485,21,42,21,30,154,94,85,38,230,13,17,12,13,56,54,40,25,255,8,25,9,17,98,40,45,13
2026,"SALDUS NOVADS","046000","ZIRŅU PAGASTS","046570",1368,71,132,54,75,451,245,247,93,660,37,58,29,30,194,120,126,66,708,34,74,25,45,257,125,121,27
2026,"SALDUS NOVADS","046000","ZVĀRDES PAGASTS","046580",325,20,41,12,13,112,52,52,23,153,8,21,6,7,44,20,30,17,172,12,20,6,6,68,32,22,6
2026,"SAULKRASTU NOVADS","047000","SAULKRASTI","047200",5671,283,452,196,237,1843,1055,978,627,2950,138,209,90,114,887,542,545,425,2721,145,243,106,123,956,513,433,202
2026,"SAULKRASTU NOVADS","047000","SAULKRASTU PAGASTS","047400",2650,83,145,69,139,1036,533,449,196,1202,35,70,31,64,428,245,203,126,1448,48,75,38,75,608,288,246,70
2026,"SAULKRASTU NOVADS","047000","SĒJAS PAGASTS","047410",2389,146,185,103,150,755,445,391,214,1185,72,86,60,68,337,224,199,139,1204,74,99,43,82,418,221,192,75
2026,"SIGULDAS NOVADS","048000","SIGULDA","048200",15368,1365,1879,808,776,5429,2042,1870,1199,8199,655,913,416,386,2790,1074,1103,862,7169,710,966,392,390,2639,968,767,337
2026,"SIGULDAS NOVADS","048000","ALLAŽU PAGASTS","048400",1762,100,180,77,87,582,298,273,165,886,42,94,37,40,267,149,146,111,876,58,86,40,47,315,149,127,54
2026,"SIGULDAS NOVADS","048000","INČUKALNA PAGASTS","048410",4885,326,485,213,261,1741,766,714,379,2439,162,228,107,112,817,368,386,259,2446,164,257,106,149,924,398,328,120
2026,"SIGULDAS NOVADS","048000","KRIMULDAS PAGASTS","048420",3913,266,416,181,217,1273,621,590,349,1979,137,192,80,106,590,312,332,230,1934,129,224,101,111,683,309,258,119
2026,"SIGULDAS NOVADS","048000","LĒDURGAS PAGASTS","048430",1256,65,102,61,65,404,212,220,127,619,34,52,30,35,171,103,113,81,637,31,50,31,30,233,109,107,46
2026,"SIGULDAS NOVADS","048000","MĀLPILS PAGASTS","048440",3508,194,304,173,213,1149,620,535,320,1735,84,131,78,86,518,299,311,228,1773,110,173,95,127,631,321,224,92
2026,"SIGULDAS NOVADS","048000","MORES PAGASTS","048450",597,36,61,35,43,204,86,86,46,299,25,23,16,25,97,41,41,31,298,11,38,19,18,107,45,45,15
2026,"SIGULDAS NOVADS","048000","SIGULDAS PAGASTS","048460",1476,118,163,82,92,497,235,196,93,698,38,81,38,44,235,105,101,56,778,80,82,44,48,262,130,95,37
2026,"SMILTENES NOVADS","049000","APE","049200",813,52,73,32,36,263,145,127,85,428,24,34,23,14,122,76,72,63,385,28,39,9,22,141,69,55,22
2026,"SMILTENES NOVADS","049000","SMILTENE","049210",5155,369,514,221,273,1587,774,875,542,2775,178,252,107,131,788,407,534,378,2380,191,262,114,142,799,367,341,164
2026,"SMILTENES NOVADS","049000","APES PAGASTS","049400",435,36,44,20,19,122,91,64,39,212,19,23,7,11,53,44,27,28,223,17,21,13,8,69,47,37,11
2026,"SMILTENES NOVADS","049000","BILSKAS PAGASTS","049410",1076,74,100,52,60,350,195,159,86,520,36,36,27,30,146,89,91,65,556,38,64,25,30,204,106,68,21
2026,"SMILTENES NOVADS","049000","BLOMES PAGASTS","049420",800,30,61,31,44,262,152,145,75,375,14,24,16,15,97,75,83,51,425,16,37,15,29,165,77,62,24
2026,"SMILTENES NOVADS","049000","BRANTU PAGASTS","049430",519,39,53,22,31,150,93,92,39,256,23,23,10,16,66,44,47,27,263,16,30,12,15,84,49,45,12
2026,"SMILTENES NOVADS","049000","DRUSTU PAGASTS","049440",683,26,53,30,39,205,135,118,77,335,16,30,16,20,78,64,59,52,348,10,23,14,19,127,71,59,25
2026,"SMILTENES NOVADS","049000","GAUJIENAS PAGASTS","049450",738,28,65,38,40,223,120,145,79,361,13,30,20,15,88,64,72,59,377,15,35,18,25,135,56,73,20
2026,"SMILTENES NOVADS","049000","GRUNDZĀLES PAGASTS","049460",745,39,58,42,41,219,165,111,70,365,19,31,20,22,88,79,60,46,380,20,27,22,19,131,86,51,24
2026,"SMILTENES NOVADS","049000","LAUNKALNES PAGASTS","049470",1097,50,116,40,64,363,190,190,84,544,22,49,24,30,164,97,96,62,553,28,67,16,34,199,93,94,22
2026,"SMILTENES NOVADS","049000","PALSMANES PAGASTS","049480",810,45,75,38,68,244,132,140,68,399,23,34,10,27,104,76,79,46,411,22,41,28,41,140,56,61,22
2026,"SMILTENES NOVADS","049000","RAUNAS PAGASTS","049490",2242,131,169,93,120,716,393,369,251,1126,66,93,40,58,313,186,198,172,1116,65,76,53,62,403,207,171,79
2026,"SMILTENES NOVADS","049000","SMILTENES PAGASTS","049500",993,87,99,51,62,301,165,146,82,500,44,41,19,36,141,82,79,58,493,43,58,32,26,160,83,67,24
2026,"SMILTENES NOVADS","049000","TRAPENES PAGASTS","049510",613,35,51,34,28,183,115,120,47,301,21,21,18,14,79,54,62,32,312,14,30,16,14,104,61,58,15
2026,"SMILTENES NOVADS","049000","VARIŅU PAGASTS","049520",699,33,47,29,51,210,144,121,64,321,11,19,15,22,80,70,62,42,378,22,28,14,29,130,74,59,22
2026,"SMILTENES NOVADS","049000","VIREŠU PAGASTS","049530",537,28,45,18,37,164,104,94,47,251,9,22,9,15,67,52,47,30,286,19,23,9,22,97,52,47,17
2026,"TALSU NOVADS","051000","SABILE","051200",1374,83,98,46,86,366,264,242,189,717,36,43,24,35,162,138,141,138,657,47,55,22,51,204,126,101,51
2026,"TALSU NOVADS","051000","STENDE","051210",1526,93,128,83,93,492,239,261,137,788,42,64,36,45,230,120,157,94,738,51,64,47,48,262,119,104,43
2026,"TALSU NOVADS","051000","TALSI","051220",9068,568,811,392,475,2726,1479,1620,997,4921,261,385,192,207,1316,813,1029,718,4147,307,426,200,268,1410,666,591,279
2026,"TALSU NOVADS","051000","VALDEMĀRPILS","051230",1205,73,108,48,72,347,236,224,97,624,30,54,22,30,153,125,136,74,581,43,54,26,42,194,111,88,23
2026,"TALSU NOVADS","051000","ABAVAS PAGASTS","051400",1023,55,75,41,51,388,156,163,94,490,23,37,16,21,171,76,89,57,533,32,38,25,30,217,80,74,37
2026,"TALSU NOVADS","051000","ĀRLAVAS PAGASTS","051410",749,37,58,30,55,242,131,110,86,366,13,31,14,27,106,56,58,61,383,24,27,16,28,136,75,52,25
2026,"TALSU NOVADS","051000","BALGALES PAGASTS","051420",754,42,56,29,45,258,122,149,53,352,19,29,18,22,95,58,74,37,402,23,27,11,23,163,64,75,16
2026,"TALSU NOVADS","051000","DUNDAGAS PAGASTS","051430",2686,183,244,114,131,797,469,463,285,1347,81,126,51,57,349,229,254,200,1339,102,118,63,74,448,240,209,85
2026,"TALSU NOVADS","051000","ĢIBUĻU PAGASTS","051440",2304,160,244,85,137,743,369,387,179,1152,90,111,39,63,334,180,209,126,1152,70,133,46,74,409,189,178,53
2026,"TALSU NOVADS","051000","ĪVES PAGASTS","051450",374,22,36,20,22,109,79,59,27,178,12,16,7,9,48,33,34,19,196,10,20,13,13,61,46,25,8
2026,"TALSU NOVADS","051000","KOLKAS PAGASTS","051460",724,12,38,19,42,196,163,159,95,371,6,22,10,21,67,80,95,70,353,6,16,9,21,129,83,64,25
2026,"TALSU NOVADS","051000","ĶŪĻCIEMA PAGASTS","051470",325,16,18,8,20,115,59,61,28,160,9,6,4,13,50,25,32,21,165,7,12,4,7,65,34,29,7
2026,"TALSU NOVADS","051000","LAIDZES PAGASTS","051480",1654,84,136,70,106,507,283,298,170,848,44,67,33,53,239,144,149,119,806,40,69,37,53,268,139,149,51
2026,"TALSU NOVADS","051000","LAUCIENES PAGASTS","051490",1446,80,116,60,95,449,241,246,159,721,44,58,28,45,199,111,130,106,725,36,58,32,50,250,130,116,53
2026,"TALSU NOVADS","051000","LĪBAGU PAGASTS","051500",1816,104,169,79,101,616,294,301,152,910,51,83,32,52,285,142,162,103,906,53,86,47,49,331,152,139,49
2026,"TALSU NOVADS","051000","LUBES PAGASTS","051510",431,33,27,12,14,142,84,86,33,202,13,12,2,7,59,44,44,21,229,20,15,10,7,83,40,42,12
2026,"TALSU NOVADS","051000","MĒRSRAGA PAGASTS","051520",1400,43,95,45,71,435,286,251,174,730,20,48,27,31,201,128,146,129,670,23,47,18,40,234,158,105,45
2026,"TALSU NOVADS","051000","ROJAS PAGASTS","051530",3390,149,232,116,167,1027,664,648,387,1773,75,107,61,82,464,337,365,282,1617,74,125,55,85,563,327,283,105
2026,"TALSU NOVADS","051000","STRAZDES PAGASTS","051540",336,21,33,21,11,101,49,74,26,153,10,12,11,4,42,23,32,19,183,11,21,10,7,59,26,42,7
2026,"TALSU NOVADS","051000","VALDGALES PAGASTS","051550",1099,56,104,56,79,359,160,182,103,532,32,52,18,39,164,66,92,69,567,24,52,38,40,195,94,90,34
2026,"TALSU NOVADS","051000","VANDZENES PAGASTS","051560",1418,69,125,67,91,462,232,253,119,710,27,68,34,40,200,120,142,79,708,42,57,33,51,262,112,111,40
2026,"TALSU NOVADS","051000","VIRBU PAGASTS","051570",771,53,66,32,52,244,118,133,73,383,28,28,18,25,101,56,76,51,388,25,38,14,27,143,62,57,22
2026,"TUKUMA NOVADS","052000","KANDAVA","052200",3358,179,299,149,237,963,579,583,369,1770,94,135,71,114,445,313,341,257,1588,85,164,78,123,518,266,242,112
2026,"TUKUMA NOVADS","052000","TUKUMS","052210",17009,1071,1674,862,1041,5533,2808,2378,1642,9192,553,806,421,511,2716,1539,1464,1182,7817,518,868,441,530,2817,1269,914,460
2026,"TUKUMA NOVADS","052000","CĒRES PAGASTS","052400",440,26,30,19,27,145,80,72,41,224,12,17,11,13,61,46,32,32,216,14,13,8,14,84,34,40,9
2026,"TUKUMA NOVADS","052000","DEGOLES PAGASTS","052410",581,38,54,25,45,194,97,76,52,297,15,25,13,27,94,44,40,39,284,23,29,12,18,100,53,36,13
2026,"TUKUMA NOVADS","052000","DŽŪKSTES PAGASTS","052420",1303,98,128,64,63,415,222,206,107,624,44,61,25,35,174,102,101,82,679,54,67,39,28,241,120,105,25
2026,"TUKUMA NOVADS","052000","ENGURES PAGASTS","052430",2862,142,216,106,146,914,527,507,304,1445,72,101,52,65,431,271,263,190,1417,70,115,54,81,483,256,244,114
2026,"TUKUMA NOVADS","052000","IRLAVAS PAGASTS","052440",1220,82,96,46,86,400,205,193,112,613,44,51,19,41,182,98,99,79,607,38,45,27,45,218,107,94,33
2026,"TUKUMA NOVADS","052000","JAUNPILS PAGASTS","052450",1817,102,156,78,105,591,296,332,157,926,54,77,43,54,252,144,187,115,891,48,79,35,51,339,152,145,42
2026,"TUKUMA NOVADS","052000","JAUNSĀTU PAGASTS","052460",807,46,63,27,53,242,159,138,79,373,22,31,11,28,90,73,63,55,434,24,32,16,25,152,86,75,24
2026,"TUKUMA NOVADS","052000","KANDAVAS PAGASTS","052470",1250,78,115,62,72,421,216,177,109,573,41,51,30,32,164,103,81,71,677,37,64,32,40,257,113,96,38
2026,"TUKUMA NOVADS","052000","LAPMEŽCIEMA PAGASTS","052480",2321,106,173,78,103,702,452,423,284,1229,57,97,45,52,317,220,237,204,1092,49,76,33,51,385,232,186,80
2026,"TUKUMA NOVADS","052000","LESTENES PAGASTS","052490",562,37,46,27,34,196,96,89,37,258,14,23,12,15,77,43,51,23,304,23,23,15,19,119,53,38,14
2026,"TUKUMA NOVADS","052000","MATKULES PAGASTS","052500",514,26,32,16,39,147,95,104,55,257,8,16,7,21,66,44,57,38,257,18,16,9,18,81,51,47,17
2026,"TUKUMA NOVADS","052000","PŪRES PAGASTS","052510",1267,57,111,64,77,400,230,213,115,644,26,58,29,27,185,116,119,84,623,31,53,35,50,215,114,94,31
2026,"TUKUMA NOVADS","052000","SĒMES PAGASTS","052520",1197,89,118,60,86,388,199,165,92,588,40,51,34,45,172,96,86,64,609,49,67,26,41,216,103,79,28
2026,"TUKUMA NOVADS","052000","SLAMPES PAGASTS","052530",1706,104,158,78,113,540,283,256,174,870,58,78,40,45,244,132,146,127,836,46,80,38,68,296,151,110,47
2026,"TUKUMA NOVADS","052000","SMĀRDES PAGASTS","052540",2460,146,245,101,134,762,419,420,233,1219,68,110,52,58,363,205,219,144,1241,78,135,49,76,399,214,201,89
2026,"TUKUMA NOVADS","052000","TUMES PAGASTS","052550",1735,126,187,103,89,557,255,284,134,845,64,91,52,43,245,110,154,86,890,62,96,51,46,312,145,130,48
2026,"TUKUMA NOVADS","052000","VĀNES PAGASTS","052560",710,30,50,20,46,224,130,138,72,343,18,19,13,23,83,67,72,48,367,12,31,7,23,141,63,66,24
2026,"TUKUMA NOVADS","052000","VIESATU PAGASTS","052570",352,28,27,10,29,115,45,76,22,156,13,10,1,18,43,21,36,14,196,15,17,9,11,72,24,40,8
2026,"TUKUMA NOVADS","052000","ZANTES PAGASTS","052580",450,27,39,21,43,136,66,76,42,204,14,19,9,15,54,27,37,29,246,13,20,12,28,82,39,39,13
2026,"TUKUMA NOVADS","052000","ZEMĪTES PAGASTS","052590",596,20,46,19,23,203,120,109,56,287,8,25,9,9,88,54,55,39,309,12,21,10,14,115,66,54,17
2026,"TUKUMA NOVADS","052000","ZENTENES PAGASTS","052600",464,31,40,17,33,153,68,74,48,218,11,24,7,14,66,32,32,32,246,20,16,10,19,87,36,42,16
2026,"VALKAS NOVADS","053000","VALKA","053200",4876,268,389,206,212,1363,802,930,706,2681,128,198,81,94,654,452,563,511,2195,140,191,125,118,709,350,367,195
2026,"VALKAS NOVADS","053000","ĒRĢEMES PAGASTS","053400",696,30,57,31,35,209,133,121,80,339,18,29,20,18,81,63,53,57,357,12,28,11,17,128,70,68,23
2026,"VALKAS NOVADS","053000","KĀRĶU PAGASTS","053410",528,19,25,24,34,156,108,99,63,247,10,11,10,15,61,48,49,43,281,9,14,14,19,95,60,50,20
2026,"VALKAS NOVADS","053000","VALKAS PAGASTS","053420",1020,49,99,45,59,322,175,191,80,492,28,41,15,32,136,76,105,59,528,21,58,30,27,186,99,86,21
2026,"VALKAS NOVADS","053000","VIJCIEMA PAGASTS","053430",578,37,46,29,37,179,113,99,38,271,15,15,13,17,74,56,50,31,307,22,31,16,20,105,57,49,7
2026,"VALKAS NOVADS","053000","ZVĀRTAVAS PAGASTS","053440",357,19,34,9,17,119,63,64,32,166,7,17,4,6,46,33,24,29,191,12,17,5,11,73,30,40,3
2026,"VALMIERAS NOVADS","054000","VALMIERA","054010",23838,1650,2323,1081,1388,7619,3709,3581,2487,12953,814,1094,491,671,3837,2025,2215,1806,10885,836,1229,590,717,3782,1684,1366,681
2026,"VALMIERAS NOVADS","054000","MAZSALACA","054200",1137,60,85,46,61,323,183,198,181,624,32,44,21,25,147,100,115,140,513,28,41,25,36,176,83,83,41
2026,"VALMIERAS NOVADS","054000","RŪJIENA","054210",2584,117,215,114,126,711,471,499,331,1403,61,96,58,56,328,254,300,250,1181,56,119,56,70,383,217,199,81
2026,"VALMIERAS NOVADS","054000","SEDA","054220",1181,69,101,53,71,314,183,238,152,639,29,48,28,34,148,91,141,120,542,40,53,25,37,166,92,97,32
2026,"VALMIERAS NOVADS","054000","STRENČI","054230",1007,41,75,47,53,276,184,205,126,518,12,36,24,22,122,97,113,92,489,29,39,23,31,154,87,92,34
2026,"VALMIERAS NOVADS","054000","BĒRZAINES PAGASTS","054400",522,34,42,17,30,181,86,83,49,246,18,19,9,12,69,43,45,31,276,16,23,8,18,112,43,38,18
2026,"VALMIERAS NOVADS","054000","BRENGUĻU PAGASTS","054410",920,42,106,39,48,281,154,159,91,438,24,42,18,20,120,76,77,61,482,18,64,21,28,161,78,82,30
2026,"VALMIERAS NOVADS","054000","BURTNIEKU PAGASTS","054420",1190,51,108,55,76,350,218,198,134,596,28,56,32,31,145,103,104,97,594,23,52,23,45,205,115,94,37
2026,"VALMIERAS NOVADS","054000","DIKĻU PAGASTS","054430",921,37,83,36,46,282,163,197,77,462,23,37,20,16,124,83,104,55,459,14,46,16,30,158,80,93,22
2026,"VALMIERAS NOVADS","054000","ĒVELES PAGASTS","054440",411,20,28,12,21,120,83,74,53,196,10,15,4,9,46,40,40,32,215,10,13,8,12,74,43,34,21
2026,"VALMIERAS NOVADS","054000","IPIĶU PAGASTS","054450",153,7,6,7,12,46,27,28,20,76,6,2,5,8,17,11,15,12,77,1,4,2,4,29,16,13,8
2026,"VALMIERAS NOVADS","054000","JERU PAGASTS","054460",1066,44,70,39,59,327,222,185,120,535,23,25,19,31,158,106,91,82,531,21,45,20,28,169,116,94,38
2026,"VALMIERAS NOVADS","054000","JĒRCĒNU PAGASTS","054470",361,21,24,9,10,113,86,60,38,166,11,9,2,2,45,43,29,25,195,10,15,7,8,68,43,31,13
2026,"VALMIERAS NOVADS","054000","KAUGURU PAGASTS","054480",1445,95,135,70,86,465,260,209,125,715,48,63,39,44,206,116,113,86,730,47,72,31,42,259,144,96,39
2026,"VALMIERAS NOVADS","054000","KOCĒNU PAGASTS","054490",2811,193,307,144,140,906,467,420,234,1418,91,151,69,77,407,215,237,171,1393,102,156,75,63,499,252,183,63
2026,"VALMIERAS NOVADS","054000","ĶOŅU PAGASTS","054500",581,46,49,32,36,179,97,95,47,275,21,18,12,18,75,51,44,36,306,25,31,20,18,104,46,51,11
2026,"VALMIERAS NOVADS","054000","LODES PAGASTS","054510",208,4,12,12,9,56,33,59,23,110,3,5,7,7,21,17,32,18,98,1,7,5,2,35,16,27,5
2026,"VALMIERAS NOVADS","054000","MATĪŠU PAGASTS","054520",766,64,58,24,45,249,134,129,63,374,34,28,7,25,105,64,67,44,392,30,30,17,20,144,70,62,19
2026,"VALMIERAS NOVADS","054000","MAZSALACAS PAGASTS","054530",491,22,41,22,31,144,89,90,52,256,12,22,8,14,69,42,49,40,235,10,19,14,17,75,47,41,12
2026,"VALMIERAS NOVADS","054000","NAUKŠĒNU PAGASTS","054540",990,47,71,35,65,276,213,185,98,516,30,37,18,33,114,106,100,78,474,17,34,17,32,162,107,85,20
2026,"VALMIERAS NOVADS","054000","PLĀŅU PAGASTS","054550",474,24,36,17,22,139,91,89,56,234,14,22,10,7,61,38,45,37,240,10,14,7,15,78,53,44,19
2026,"VALMIERAS NOVADS","054000","RAMATAS PAGASTS","054560",365,21,32,14,16,121,58,61,42,194,9,20,5,9,55,31,35,30,171,12,12,9,7,66,27,26,12
2026,"VALMIERAS NOVADS","054000","RENCĒNU PAGASTS","054570",1307,85,115,63,72,423,213,216,120,623,41,56,29,33,179,100,106,79,684,44,59,34,39,244,113,110,41
2026,"VALMIERAS NOVADS","054000","SĒĻU PAGASTS","054580",302,20,22,7,16,100,56,52,29,140,10,13,2,5,36,28,28,18,162,10,9,5,11,64,28,24,11
2026,"VALMIERAS NOVADS","054000","SKAŅKALNES PAGASTS","054590",566,28,51,28,20,175,116,103,45,271,14,20,15,10,75,52,55,30,295,14,31,13,10,100,64,48,15
2026,"VALMIERAS NOVADS","054000","TRIKĀTAS PAGASTS","054600",847,46,94,38,51,249,164,122,83,423,26,36,20,26,109,82,63,61,424,20,58,18,25,140,82,59,22
2026,"VALMIERAS NOVADS","054000","VAIDAVAS PAGASTS","054610",883,43,61,36,39,264,145,205,90,419,20,27,15,15,108,71,101,62,464,23,34,21,24,156,74,104,28
2026,"VALMIERAS NOVADS","054000","VALMIERAS PAGASTS","054620",3306,231,409,167,194,1126,491,437,251,1687,116,187,83,98,536,256,254,157,1619,115,222,84,96,590,235,183,94
2026,"VALMIERAS NOVADS","054000","VECATES PAGASTS","054630",342,15,21,8,25,113,62,67,31,173,7,12,5,11,45,30,41,22,169,8,9,3,14,68,32,26,9
2026,"VALMIERAS NOVADS","054000","VILPULKAS PAGASTS","054640",399,23,29,16,36,127,60,75,33,195,13,12,9,12,52,27,45,25,204,10,17,7,24,75,33,30,8
2026,"VALMIERAS NOVADS","054000","ZILĀKALNA PAGASTS","054650",718,57,68,29,41,238,113,93,79,368,28,24,17,23,124,46,46,60,350,29,44,12,18,114,67,47,19
2026,"VENTSPILS NOVADS","056000","PILTENE","056200",839,43,78,34,60,241,129,161,93,430,17,43,13,26,103,68,99,61,409,26,35,21,34,138,61,62,32
2026,"VENTSPILS NOVADS","056000","ANCES PAGASTS","056400",514,28,38,19,39,156,83,101,50,240,13,17,9,17,66,38,46,34,274,15,21,10,22,90,45,55,16
2026,"VENTSPILS NOVADS","056000","JŪRKALNES PAGASTS","056410",317,9,21,11,17,92,61,61,45,159,5,8,7,11,42,32,21,33,158,4,13,4,6,50,29,40,12
2026,"VENTSPILS NOVADS","056000","PILTENES PAGASTS","056420",468,25,44,22,23,133,72,93,56,215,11,25,10,11,47,34,36,41,253,14,19,12,12,86,38,57,15
2026,"VENTSPILS NOVADS","056000","POPES PAGASTS","056430",845,51,67,30,47,277,143,157,73,409,21,37,17,14,112,74,82,52,436,30,30,13,33,165,69,75,21
2026,"VENTSPILS NOVADS","056000","PUZES PAGASTS","056440",706,33,57,41,32,221,97,152,73,337,18,26,19,14,81,46,81,52,369,15,31,22,18,140,51,71,21
2026,"VENTSPILS NOVADS","056000","TĀRGALES PAGASTS","056450",1681,83,152,69,106,550,299,293,129,793,39,81,25,52,231,150,132,83,888,44,71,44,54,319,149,161,46
2026,"VENTSPILS NOVADS","056000","UGĀLES PAGASTS","056460",1863,99,163,68,114,554,342,321,202,950,49,86,32,53,245,159,190,136,913,50,77,36,61,309,183,131,66
2026,"VENTSPILS NOVADS","056000","USMAS PAGASTS","056470",438,24,42,18,16,132,84,76,46,202,9,16,6,8,51,41,39,32,236,15,26,12,8,81,43,37,14
2026,"VENTSPILS NOVADS","056000","UŽAVAS PAGASTS","056480",493,30,35,18,31,155,94,84,46,242,15,19,10,19,67,41,39,32,251,15,16,8,12,88,53,45,14
2026,"VENTSPILS NOVADS","056000","VĀRVES PAGASTS","056490",1526,80,133,80,95,481,284,247,126,758,43,71,38,42,204,145,130,85,768,37,62,42,53,277,139,117,41
2026,"VENTSPILS NOVADS","056000","ZIRU PAGASTS","056500",452,27,42,24,25,158,66,85,25,210,10,27,14,9,65,29,41,15,242,17,15,10,16,93,37,44,10
2026,"VENTSPILS NOVADS","056000","ZLĒKU PAGASTS","056510",429,28,39,17,35,144,79,52,35,198,13,16,7,19,65,29,28,21,231,15,23,10,16,79,50,24,14
